familyName,givenName,height,weight,bornOn
Rivers,Jonah,69,167,2000-11-21
Sloan,Randal,62,123,1961-12-11
Rodriguez,Palmer,61,112,2012-04-09
Akers,Helga,61,135,1992-11-21
Palmer,Olin,68,150,1986-02-15
Wilder,Soledad,64,138,1964-01-07
Coffey,Joni,62,111,2014-09-22
Bowling,Jarod,63,121,1987-01-10
Turner,Angel,62,119,2002-04-07
Johnston,Shon,69,142,1953-11-28
Cannon,Rhea,68,161,1940-05-23
Mcmillan,Gaylord,58,116,1976-03-16
Pearce,Josie,65,127,1961-11-10
Whitfield,Alba,58,124,1969-03-06
Knowles,Rolland,67,163,1993-05-08
Sinclair,Caitlin,61,109,1961-08-03
Law,Eddie,59,119,1989-01-15
Malone,Scottie,62,119,2006-10-09
Mayfield,Margot,59,112,1960-11-22
Rasmussen,Meagan,70,155,1989-10-26
Wilder,Robert,64,140,2011-06-19
Newsome,Clay,69,133,1984-10-10
Kendrick,Yvette,63,114,1987-06-19
Livingston,Gonzalo,68,130,1971-07-23
Prince,Lilian,68,147,1948-10-06
Norman,Fanny,72,157,2006-06-18
Riddle,Brittany,62,127,1978-10-25
Cleveland,Kristi,58,111,1976-03-13
Price,Edwardo,68,128,1975-09-03
Garrett,Fredric,58,129,1943-11-23
Spears,Lowell,67,138,2014-08-30
Rutledge,Staci,58,116,1961-07-09
Reese,Kisha,66,120,1947-04-12
Wells,Shawn,72,153,1965-08-13
Bowers,Nicky,72,151,1981-04-08
Douglas,Thelma,60,121,1988-11-09
Donahue,Maricela,59,126,1953-12-06
Mcginnis,Marcus,71,138,1994-05-08
Slater,Kenneth,72,172,1969-12-03
Mcgee,Jae,62,125,1979-07-21
Martinez,Terra,69,148,1960-01-12
Burt,Elden,58,112,1992-11-13
Wilkins,Glenna,65,140,1940-06-10
Mendoza,Emil,68,151,1957-04-12
Mayer,Rene,70,156,1994-08-11
Whitley,Dion,59,118,1980-11-01
Shields,Ola,59,119,1943-06-14
Holland,Melanie,58,106,2011-12-07
Bernard,Sybil,59,103,2009-10-10
Barber,Jesse,69,168,1958-02-05
Flynn,Wes,68,156,2014-03-12
May,Kelvin,71,165,1956-01-18
Burke,Xavier,72,179,1941-01-28
Fletcher,Cecile,58,129,1953-05-03
Hubbard,Tracey,60,105,1950-06-19
Middleton,Hayden,58,106,1967-02-23
Whitehead,Chadwick,72,167,2006-02-11
Shelton,Mayme,69,154,1954-07-10
Higgins,Neil,63,144,1948-01-31
Rosario,Noel,58,115,2008-11-18
Puckett,Hank,62,131,1941-10-08
Scott,Rosie,64,137,1945-08-02
Wright,Modesto,70,134,1952-10-11
Sosa,Eva,63,134,1949-08-25
Petty,Dario,62,134,1996-02-25
Ryan,Adela,64,142,1957-02-19
Lewis,Jarvis,67,155,1953-11-14
Stewart,Alba,58,124,1971-06-08
Yang,Pattie,66,152,2007-04-23
Ball,Kirby,70,161,1977-08-18
Neal,Zoe,67,124,1975-08-19
Rucker,Harley,69,130,1992-10-29
Morin,Jeffery,61,106,2004-07-10
Workman,Kasey,62,142,1948-07-15
Walters,Tana,69,167,1959-12-20
Tanner,Lucia,65,139,1966-02-14
Bowling,Angelia,63,129,1949-07-02
Trevino,Trudy,61,129,1976-11-15
Abbott,Janine,72,145,1968-10-13
Day,Ladonna,67,136,2003-04-09
Cox,Vaughn,67,123,1978-05-06
Everett,Corinne,61,137,1950-08-31
Barrera,Claudine,62,143,1996-10-23
Brooks,Loraine,60,125,1989-04-25
Ford,Bill,63,134,1993-04-15
May,Fernando,67,128,1948-05-08
Flowers,Deon,67,137,2003-11-28
Knight,Cynthia,72,153,2012-03-07
Goodman,Kimberly,66,125,1979-02-28
Vincent,Victoria,62,125,1941-11-19
Blackwell,Tommy,58,102,1960-12-19
Leblanc,Susie,70,144,1983-02-14
Valenzuela,Chrystal,63,139,1972-11-25
Hahn,Marietta,59,106,1942-08-18
Newton,Rocio,62,126,2004-04-30
Kent,Tara,63,135,1976-10-20
Reese,Sang,70,144,1958-02-12
Long,Dee,68,166,1991-04-09
Spears,Sidney,62,110,1973-02-11
Rose,Lily,64,120,1967-01-29
Mack,Giuseppe,62,110,1975-08-12
Johns,Myron,59,106,2009-02-16
Zamora,Norma,62,120,1964-07-14
Brady,Shelby,60,105,1959-01-17
Barr,Eloise,58,119,1985-07-30
Ramirez,Ed,70,139,1945-12-02
Mcclain,Ofelia,68,156,1991-11-12
Smith,Noemi,61,122,1972-11-18
Koch,Bryce,63,140,1941-06-18
Kelley,Gina,70,142,1975-04-17
Morton,Norman,69,137,1967-12-31
Lyon,Adela,64,142,1993-06-07
Lucas,Ronnie,61,130,1967-04-17
Stevenson,Kenny,59,104,1986-11-07
Baird,Staci,58,116,1956-06-16
Shoemaker,Whitney,71,155,1978-02-27
Grady,Norman,69,137,2014-09-18
Calderon,Jae,62,125,1998-03-24
Frost,Delbert,65,141,1949-11-05
Dye,Marianne,71,164,1985-05-31
Barry,Gaylord,58,116,1987-11-25
Barrera,Kristi,58,111,1954-11-21
Grace,Duane,66,159,1959-04-27
Doyle,Beatrice,69,162,2007-02-16
Clayton,Aldo,61,127,2007-11-14
Hickey,Felicia,59,109,1975-01-24
Rangel,Stefanie,67,137,1951-07-04
Polk,Debbie,60,126,1956-12-15
Wolf,Dwayne,62,118,2004-04-24
Gregory,Josefa,67,129,1983-07-16
Whitaker,Delilah,58,118,2013-06-27
Carr,Jennie,63,147,2002-04-07
Cherry,Luigi,63,136,1998-11-25
Grant,Sabrina,60,133,1940-08-24
Roth,Stacie,63,142,1980-04-06
Harrington,Kristine,58,121,1968-03-12
Sharpe,Lowell,67,138,2006-07-08
Huber,Aline,70,171,2000-02-02
Chapman,Noah,63,127,1967-07-06
Fulton,Rosanna,65,144,1981-09-10
Houston,Coleen,60,106,1953-09-01
Mcdaniel,Fermin,70,156,2002-10-20
Hill,Angelita,69,167,1962-03-09
Shepherd,Amanda,62,110,1971-06-23
Barnes,Denice,63,125,2014-12-09
Velez,Matthew,72,174,1975-05-14
Goff,Winnie,62,138,2009-04-11
Reeves,Thelma,60,121,2005-11-09
Doyle,Aurelio,71,162,1947-04-30
Vazquez,Effie,59,133,1968-11-04
Bailey,Jeannette,65,148,1948-11-22
Ewing,Lenny,62,115,2003-06-23
Montgomery,Nona,71,138,1994-11-08
Solis,Erica,60,136,1952-04-29
Braun,Karen,62,132,1955-10-24
Powell,Carrie,67,152,1982-03-29
Oneil,Art,72,176,1954-01-14
Murray,Julie,60,117,1960-04-21
Carroll,Rusty,71,154,1965-06-28
Padilla,Margarita,65,122,1995-09-08
Franklin,Jody,69,134,1996-05-24
Ibarra,Lonny,58,125,2011-01-14
Nielsen,Ivory,61,125,1967-12-25
Medina,Michel,66,159,1965-01-07
Battle,Avis,70,139,1975-11-27
Hamilton,Stacy,72,166,1996-10-31
Macdonald,Tina,71,141,1998-11-04
Duncan,Cathy,60,118,1947-04-29
Moses,Celina,67,140,2000-04-15
Lindsay,John,61,117,1960-09-24
Dale,Imogene,64,149,1953-10-21
Perry,Roxanne,68,148,1988-12-12
England,Shelly,65,143,2005-11-25
Gallagher,Vicente,67,132,2006-05-19
Riley,Harris,70,154,1997-08-15
Hughes,Dominick,59,117,2013-04-04
Moran,Johnnie,66,128,1951-08-21
Lyon,Williams,66,155,2014-04-12
Hamilton,Cleo,72,140,1947-12-29
Calhoun,Bernardo,61,137,1964-12-03
Wolfe,Omar,65,134,1980-12-27
Gibbs,Deon,67,137,1973-09-18
Andrews,Kara,64,134,1953-03-04
Chan,Titus,72,166,2013-07-04
Richard,Tamara,71,170,1984-05-07
Atkinson,Larry,68,132,1986-07-10
Oconnor,Georgette,59,114,1953-05-20
Mcfadden,Edmund,64,145,1976-01-04
Bolton,Juana,58,105,1953-09-28
Avila,Edison,64,129,1972-03-02
Delgado,Billie,68,154,1978-07-11
Watts,Mary,61,116,2003-08-24
Patterson,Isiah,58,110,1993-06-01
Cash,Roxanna,72,175,1985-06-19
Stone,Sterling,60,126,1960-07-08
Lucero,Octavio,72,153,1949-09-24
Lake,Conrad,62,140,1992-07-16
Blanton,Pearlie,62,132,2005-03-26
Cross,Eileen,60,108,1952-11-06
Arroyo,Lucile,63,132,2005-06-03
Reeves,Chi,71,143,1945-09-21
Mcfarland,Lily,64,120,1999-11-13
Callahan,Ophelia,65,128,2006-07-26
Hahn,Kerry,72,139,1959-07-16
Cote,Danial,65,137,1983-04-24
Flores,Toney,68,157,1942-11-24
Holmes,Phillip,66,130,1943-11-03
Sosa,Becky,69,144,1960-12-24
Robinson,Quinn,60,134,1952-01-10
Nelson,Belinda,59,133,1966-02-09
Lara,Darrel,64,131,2011-12-22
Rubio,Zelma,67,156,1987-10-18
Holley,Jacqueline,65,132,1973-08-28
Hardin,Winona,66,149,1962-03-30
Irwin,Octavia,58,118,1967-10-13
Martinez,Noble,70,161,2001-12-03
Lang,Imogene,64,149,1978-08-22
Mccall,Janell,71,137,1952-05-17
Clay,Lorri,58,111,1968-10-07
Hutchins,Renato,60,131,1977-08-05
Pacheco,Antonia,64,136,1988-09-05
Goss,Ezra,64,144,1972-07-22
Crow,Nicky,72,151,2008-03-06
Moran,Emma,61,115,1996-10-07
Huber,Lyman,65,122,2007-05-29
Harden,Delilah,58,118,1949-12-16
Sparks,Jeremy,60,133,1977-07-20
Harrington,Christian,61,116,1950-02-26
Mcmahon,Megan,61,108,1979-12-05
Shepherd,Andre,69,152,1975-05-30
Copeland,Belle,66,143,2001-03-14
Nelson,Nell,72,169,1986-08-15
Gill,Danna,63,140,1971-11-27
Mckay,Broderick,59,126,1992-06-15
Huffman,Antonio,62,139,1995-04-28
Melton,Ervin,59,106,1971-09-14
Strickland,Tamera,62,137,1951-02-08
Trevino,Daryl,64,145,1985-02-02
Mason,Chong,65,128,2006-10-09
Gibson,Jackie,60,120,1954-02-24
Peck,Adolph,58,117,1999-07-26
Samuels,Nick,66,148,1949-02-26
Sherman,Kathryn,69,144,2000-11-10
Dickinson,Florine,69,170,1961-11-22
Hardy,Bruno,65,140,2003-02-08
Holder,Roland,58,113,1980-01-18
Rhodes,Tim,67,146,1941-11-21
Wright,Alana,69,133,1973-04-29
Gonzalez,King,64,126,1956-01-07
Wise,Horace,60,134,1999-01-15
Mercer,Basil,67,124,1953-03-20
Mendez,Brice,65,140,2013-09-10
Frederick,Winifred,71,172,1986-01-15
Ramirez,Iva,68,140,2009-08-07
Ellis,Kieth,62,131,1977-05-22
Ramsey,Winnie,62,138,1974-12-31
Brandon,Jarrett,70,169,1976-04-16
Sloan,Linda,69,139,1952-06-23
Lawrence,Bradly,67,150,1975-03-10
Workman,Dona,70,161,2014-09-30
Padilla,Denver,67,136,1983-10-04
Hines,Derek,61,125,1969-08-27
Barnett,Leroy,68,153,1965-08-03
Galloway,Arlen,62,115,1962-02-11
Harrell,Louella,63,139,1962-11-05
David,Aubrey,59,129,1946-09-20
Hensley,Lenard,72,179,1981-09-30
Fuller,Carlo,72,141,1961-01-03
Pagan,Dee,72,148,1965-07-07
Beard,Glen,63,139,1958-10-15
Marquez,Dottie,72,154,1946-12-16
Willis,Emmitt,69,153,1988-12-15
Sanford,Sharlene,62,117,1996-11-16
Chang,Joesph,68,164,1958-12-01
Madison,Wilson,72,138,1964-08-02
Workman,Kim,66,141,1957-07-23
Tyson,Leeann,65,133,2008-11-28
Stanley,Jenifer,70,145,1978-08-14
Roberson,Nora,58,130,2001-01-14
Puckett,Dennis,59,112,2008-10-04
Hanna,Shannon,64,138,1953-11-27
Eldridge,Solomon,72,147,1957-05-20
Barton,Vince,61,114,1971-09-04
Decker,Crystal,60,129,2013-07-03
Bacon,Ina,66,149,1956-06-03
Minor,Zack,62,141,2000-05-17
Spencer,Jan,69,159,2013-04-16
Levine,Chung,58,114,1975-01-22
Knox,Normand,58,108,1969-03-08
Whaley,Gay,61,139,1996-04-22
Sweeney,Wilmer,63,132,2002-12-11
Beck,Marcy,70,148,1984-11-14
Duke,Cherie,60,120,1986-06-20
Cantrell,Horace,60,134,1946-07-03
Henson,Marlon,61,123,1980-08-19
Nance,Ivette,58,107,1999-09-18
Gary,Alexis,70,150,2012-03-26
Keith,Emilia,72,155,1940-10-17
Shields,Louella,63,139,1990-06-11
Hopper,Dale,69,143,1953-02-12
Hendricks,Weldon,62,135,1974-12-28
Carey,Edgar,62,113,1953-09-22
Mason,Silas,58,131,1973-11-10
Gill,Jae,62,125,1966-06-23
Sinclair,Joshua,58,116,1998-11-22
Cross,Maribel,59,132,1946-01-07
Maxwell,Arnulfo,69,156,1978-07-04
Schroeder,Ola,59,119,1966-01-30
Law,Shannon,64,138,1981-06-22
Boyd,Alexandria,71,148,1993-02-27
Elliott,Sheila,64,141,2000-09-01
Britton,Brittney,71,136,1963-11-22
Grace,Muriel,64,142,2007-03-20
Barnes,Valentine,62,129,1975-12-25
Bray,Bradly,67,150,1955-04-16
Hartley,Chasity,70,149,1994-02-08
Hancock,Magdalena,67,157,1993-03-16
Carlson,Aaron,69,130,1987-08-09
Stevenson,Antonio,62,139,1946-01-10
Hart,Jeffery,61,106,1952-08-13
Irwin,Rickie,69,150,1961-09-25
Hoffman,Florence,63,112,1941-04-10
Bonner,Miranda,72,165,2013-12-24
Parsons,Alfred,70,149,1991-06-30
Gross,Ali,59,114,1972-12-21
Ortiz,Lyn,63,117,1982-02-24
Ashley,Mitchell,66,130,1993-09-18
Lowe,Kirsten,58,122,1986-05-15
Walsh,Leeann,65,133,1952-10-16
Barnes,Hortencia,69,149,1979-07-17
Rangel,Lula,72,143,1971-03-08
Guthrie,Germaine,62,126,1964-03-03
Hamm,Cleo,67,160,2001-09-30
Mcmahon,Susana,69,152,1992-10-04
Gallegos,Janel,63,147,1954-05-04
Jenkins,Charmaine,65,122,2004-07-26
Slater,Alba,58,124,1960-09-13
Sawyer,Emmitt,69,153,1979-09-27
Marquez,Craig,71,163,2014-06-10
Dailey,Deana,60,107,1981-01-29
Haney,Shawn,72,153,1946-11-11
Williams,Theresa,69,151,1943-08-26
Durham,Janette,71,137,2006-06-18
Callahan,Trudy,61,129,1992-11-14
Sosa,Shayne,67,159,1952-08-23
Sellers,Jamel,68,136,1949-11-28
Stafford,Bo,61,120,2010-04-29
Townsend,Dorsey,72,152,1983-02-02
Underwood,Barbra,71,155,1997-05-10
Akers,Kelvin,71,165,1977-11-02
Reeves,Latasha,68,158,1993-12-10
Henderson,Maxwell,71,170,2002-05-05
York,Mac,62,126,1975-05-03
Hickey,Mariano,62,117,1953-03-03
Clay,Jessie,60,121,1981-03-04
Fischer,Cortney,69,168,1987-08-24
Wang,Elwood,59,110,1995-07-06
Stinson,Justina,70,141,2004-06-18
Henson,Aimee,72,154,1976-04-08
Quinn,Adeline,63,130,1975-01-24
Todd,Krystal,70,154,1941-10-24
Medina,Gregorio,62,136,2013-03-15
Burns,Joseph,67,139,2004-08-14
Butler,Celeste,69,169,1960-04-01
Mata,Malinda,64,114,1961-04-02
Belcher,Kendrick,58,116,1961-01-16
Bowers,Jordon,58,110,1966-07-10
Broussard,Bart,69,148,2003-04-13
Vasquez,Adrian,70,140,2011-10-14
Archer,Ernestina,71,142,1956-08-17
Fry,Reyna,69,146,1944-10-20
Dillard,Fernando,67,128,1962-07-25
Gutierrez,Hugo,64,135,1981-08-25
Macias,Rickey,60,110,1988-04-16
Chaney,Althea,66,129,1993-01-16
Patel,Ira,60,106,2007-04-03
Benjamin,Johnnie,66,128,1948-07-04
Mooney,Marsha,63,139,1944-05-11
Wilder,Oren,59,117,1951-01-17
Hinton,Michaela,70,162,2010-04-17
Rutherford,William,65,122,1948-07-21
Anthony,Mack,62,121,1958-09-30
Hatcher,Glenda,69,129,1959-06-30
Davenport,Woodrow,68,136,1976-10-21
Burke,Cleo,72,140,1949-06-07
Whitney,Renee,60,112,1997-07-06
Parsons,Bryant,63,140,1960-09-01
Parks,Micah,70,146,2004-11-13
Hess,Sallie,59,103,1969-08-08
Avery,Rae,59,117,2010-04-30
Sears,Wilma,62,118,2012-03-19
Connor,Andres,60,122,1951-09-27
Corbett,Mark,69,152,1997-09-04
Chavez,Annette,63,144,1994-03-07
Stevenson,Sheila,64,141,1954-07-09
Murphy,Wilda,69,160,1962-08-11
Newman,Dino,60,129,1977-05-29
Crum,Tuan,62,111,1986-02-01
Richmond,Vicki,65,136,1955-01-18
Cash,Danielle,65,143,1942-07-06
Kerr,Jeramy,68,129,1994-11-10
Stokes,Jerome,58,131,1997-02-21
Taylor,Consuelo,64,135,1980-05-15
Puckett,Janice,58,114,1958-12-14
Mercer,Jeff,59,120,1992-07-29
Herrera,Alba,58,124,1949-07-21
Hardin,Shannon,70,155,1945-07-23
Thornton,Isabella,68,155,2006-06-17
Rowland,Alyce,59,119,1983-09-30
Huffman,Kasey,62,142,2010-09-11
Akers,Marisela,60,113,1996-03-02
Mcfadden,Herminia,61,139,1978-06-01
Sawyer,Alfreda,60,105,2002-04-17
Snow,Leif,68,147,1978-09-17
Palmer,Francesca,65,148,1958-06-03
Britton,Frieda,72,148,1971-03-07
Terrell,Eliseo,69,131,1996-09-13
Mccann,Spencer,68,133,2009-05-02
Keller,Pete,61,139,1964-07-14
Rocha,Juana,58,105,1957-03-19
Mahoney,Brock,72,159,1941-12-07
Camacho,Christian,62,123,1942-12-02
Villa,Anne,60,137,1957-04-20
Moon,Devon,71,164,1979-12-15
Harrell,Delmer,67,140,2000-12-10
Kemp,Daphne,62,133,1961-09-20
Lam,Dionne,63,121,1954-02-09
Waller,Gordon,59,112,1951-04-03
Stevens,Margery,69,166,2007-12-05
Knox,Gerald,59,134,1956-03-15
Maxwell,Sylvester,61,106,2014-01-11
Frye,Dion,59,118,1949-02-19
Parks,Dolores,67,128,1966-08-23
Frederick,Raymon,70,167,1969-08-30
Carter,Lavern,65,153,1958-05-18
Steward,Brigitte,64,140,1983-11-08
Lawrence,Maureen,65,120,2007-10-25
Parrish,Della,64,143,1946-03-04
Oconnell,Earnestine,59,134,1999-12-30
Barron,Pauline,58,115,1990-01-02
Kidd,Gwen,65,117,2012-08-25
Mcghee,Enoch,62,117,1978-04-28
Rosa,Tana,69,167,2003-12-01
Hopper,Beau,68,154,1956-03-19
Dailey,Leroy,68,153,1964-04-10
Patel,Marian,64,120,1962-05-20
David,Rosella,63,112,1946-06-22
Hastings,Kimberlee,64,144,1947-11-21
Logan,Cristina,69,168,2007-07-12
Mathews,Zoila,69,133,1997-12-02
Serrano,Mina,64,115,1948-12-19
Brandon,Reggie,69,130,1947-11-03
Gibbs,Myron,59,106,1941-09-08
Hancock,Raquel,71,162,2009-10-02
Wiggins,Neville,67,132,1969-04-27
Winters,Ernestina,71,142,1995-10-16
Donovan,Corrine,67,159,1990-12-05
Wood,Kelley,64,130,1940-08-13
Montes,Brett,66,151,2005-08-23
Hanna,Cherry,72,147,2008-04-09
Gibbons,Justine,71,139,1980-12-13
Kline,Gerry,62,131,1989-03-01
Kessler,Alisha,69,145,1987-10-15
Haas,Libby,64,119,1971-01-12
Mathews,Weston,67,126,1970-10-08
Odell,Cathrine,64,150,1982-08-11
Berg,Arline,66,141,1996-06-12
Bland,Rosario,59,129,2007-06-07
Leonard,Marlene,66,159,1962-02-08
Carey,Art,72,176,1959-11-21
Potter,Ellsworth,58,116,1969-07-26
Gordon,Marion,65,151,2010-05-08
Massey,Darryl,66,120,2013-06-09
Worley,Isabella,68,155,1965-09-05
Walters,Eldridge,58,119,2001-11-18
Rodgers,Darell,67,156,2007-10-20
Hill,Joel,62,143,1949-08-12
William,Freddy,62,120,1940-12-20
Maddox,Kim,67,146,2005-05-23
Cleveland,Anastasia,68,128,1994-10-19
Castillo,Lawanda,65,122,1990-11-28
Stuart,Alfredo,58,119,2004-09-20
Mcdonald,Jerrod,72,173,1942-01-27
Hendricks,Darius,70,169,1996-09-27
Levy,Francine,70,171,1975-04-09
Wong,Cornelia,61,123,1958-11-02
Elmore,Pattie,66,152,1977-01-30
Stein,Alissa,65,143,1991-01-18
Welsh,Minerva,68,154,1970-04-25
Welsh,Winford,66,123,2001-05-05
Whaley,Chris,72,177,1994-07-08
Mcintosh,Trenton,66,150,1958-01-08
Barron,Beau,68,154,1942-04-09
Johnston,Cody,62,109,1959-09-27
Justice,Bart,69,148,1953-12-28
Galloway,Deirdre,58,105,1993-10-04
Cline,Gilda,60,121,1984-03-20
Howe,Phoebe,63,113,2013-12-04
Sampson,Travis,71,169,1980-11-29
Sharpe,Isaiah,69,135,1950-07-06
Hays,Gus,58,113,1940-05-14
Fowler,Augustus,59,111,1949-06-20
Felix,Jami,62,117,1964-04-17
Gomez,Heath,64,114,1947-01-26
Dodd,Lauren,59,110,2010-08-19
Swain,Cecelia,67,123,1971-09-04
Andrade,Marcelo,72,142,1946-07-30
Moss,Laurence,70,169,1942-05-19
Hyde,Roxie,64,135,1997-10-11
Swain,Zoila,69,133,1947-06-18
Rodriquez,Briana,69,138,2002-03-16
Willis,Dena,69,169,1980-05-04
Arnold,Ray,63,122,1989-02-09
Williamson,Dena,69,169,1951-08-31
Buchanan,Stanley,66,149,1942-01-15
Clifton,Francisco,61,125,1962-07-01
Cabrera,Irwin,68,134,1973-02-03
Frazier,Agnes,69,137,1992-02-29
Joyce,Billie,61,138,1957-06-27
Richmond,Lynnette,65,147,2003-02-02
Dougherty,Bud,69,154,1993-04-14
Fletcher,Lara,69,162,2011-09-21
Dixon,Tracey,71,152,1992-06-29
Marshall,Melisa,64,114,1997-12-21
Stafford,Helga,61,135,1992-01-28
Arnold,Marty,62,132,1997-08-30
Delaney,Jorge,61,139,1980-10-29
Walden,Lowell,67,138,1974-04-30
Mosley,Carl,59,103,1974-08-02
Hollis,Keith,61,126,1971-04-16
Langley,Sheldon,71,157,1965-12-26
Valencia,Alfonzo,64,151,2000-01-13
Tucker,Sydney,62,132,1981-12-18
Pittman,Ryan,58,123,2011-02-06
Underwood,Lesa,66,146,2003-05-05
Underwood,Alejandra,64,138,1981-08-02
Conley,Elaine,70,160,1989-11-17
Mack,Ernie,65,138,1960-03-09
Gamble,Rosita,63,125,1991-08-29
Marshall,Gaylord,58,116,2014-04-17
Herring,Elia,60,121,1970-01-09
Holcomb,Viola,60,108,2011-10-27
Roberts,Terri,60,119,1994-03-27
Lynch,Claud,64,132,1979-05-22
Lehman,Stanton,59,123,1967-05-28
Yang,Lenny,62,115,1961-10-27
Lowe,Peter,67,130,1989-06-21
Cummings,Destiny,64,147,1940-08-04
Reyes,Tuan,62,111,2004-05-28
Carr,Nannie,70,154,1971-05-22
Wynn,Maximo,62,139,1942-08-01
Blevins,Luciano,58,126,2008-04-14
Wong,Karen,62,132,1951-12-14
Hamilton,Kelly,60,130,2014-10-06
Owens,Evangeline,72,149,1950-09-15
Blackburn,Clarissa,60,115,1993-06-01
Salinas,Moises,68,133,1983-12-13
Mcgrath,Kris,58,131,1998-01-18
Sparks,Karina,68,126,1961-03-28
Buckner,Dwain,60,120,2010-04-25
Anthony,Nell,72,169,1980-05-25
Chen,Francis,70,162,2011-10-02
Scott,Raymond,58,107,1999-08-13
Roberson,Chauncey,61,126,1965-02-04
Castro,Joann,63,135,1981-12-18
Chase,Augustine,65,128,2000-11-30
Goins,Delmar,59,132,1990-05-31
Andrews,Esperanza,68,167,1943-08-09
Waters,Tod,69,144,1985-09-13
Petty,Benita,64,124,1964-11-15
Horne,Queen,64,144,1985-07-28
Reese,Sergio,59,119,1964-03-05
Kelly,Moses,59,118,1996-07-01
Knowles,Lora,63,142,1992-09-15
Lester,Tammie,61,135,1947-12-24
Little,Araceli,58,126,2000-03-12
Mercer,Valentine,62,129,1981-01-07
Pierce,Myra,64,118,1967-12-22
Lawrence,Walter,66,150,1957-05-08
Finch,Antoine,58,102,1951-06-15
Sinclair,Anna,58,118,1941-02-01
Mccarthy,Ashleigh,68,135,1942-02-06
Delacruz,Royal,63,143,1984-09-17
Leach,Opal,63,115,1965-09-20
Kent,Dixie,64,117,2009-02-17
Sweeney,Leonel,69,155,1994-02-19
Magee,Wes,68,156,2010-12-30
Slaughter,Heather,70,161,2004-12-08
Hurley,Vida,59,112,1956-05-13
Rios,Quintin,70,144,2000-02-04
Cox,Derick,58,104,1944-07-03
Acevedo,Delphine,72,172,2003-12-26
Mcmahon,Devon,71,164,1990-10-09
Pryor,Suzette,67,139,1974-09-16
Hutchins,Alfredo,58,119,1942-05-30
Galloway,Lon,58,125,1976-07-26
Snider,Alyce,59,119,1971-07-05
Proctor,Maryanne,71,161,1965-03-24
Lamb,Claud,64,132,1978-04-29
Adams,Sybil,59,103,1973-11-08
Lancaster,Kory,72,142,2006-03-24
Williams,Lynnette,65,147,2002-05-14
Starr,Anne,60,137,1967-09-24
Howe,Pedro,67,123,1951-05-12
Wyatt,Lindsey,60,112,1941-09-27
Mckee,Cristopher,61,136,1972-06-09
Pace,Belinda,59,133,1963-05-01
Hartman,Jonas,62,117,1981-07-07
Estes,Mauro,67,144,1997-02-26
Haas,Rosie,64,137,2006-05-20
Terry,Suzette,67,139,1958-12-22
Patel,Staci,58,116,1941-12-13
Dale,Sharlene,62,117,1944-03-12
Luna,Moshe,68,158,1968-07-26
Haynes,Javier,69,148,2011-02-15
Fontenot,Valentin,58,126,1992-03-15
Atkinson,Dee,68,166,2000-01-24
Nieves,Ross,67,127,1942-02-02
Gaines,Anton,68,131,1966-11-06
Marquez,Sid,63,126,1962-12-16
Compton,Genevieve,66,138,2008-09-04
Harding,Lindsey,60,112,1978-08-03
Perez,Giuseppe,62,110,1953-04-18
Burns,Emmitt,69,153,2012-05-02
Montgomery,Jenna,61,109,2000-09-10
Acevedo,Graig,63,118,1974-10-13
Marshall,Bettie,61,114,1986-01-12
Kidd,Stella,58,111,1972-11-24
Rosa,Shaun,62,142,2008-06-08
Knapp,Rosalie,69,161,2005-05-23
Taylor,Ulysses,67,146,1972-06-10
Cabrera,Nita,61,134,1941-04-21
Russo,Kendrick,58,116,2000-01-31
Howard,Wallace,64,123,1945-11-17
Friedman,Rachelle,63,147,2008-01-19
Merritt,Evangeline,72,149,1988-07-01
Glenn,Robbin,64,139,2006-06-28
Butler,Tammie,61,135,1996-02-25
Rosado,Ebony,70,157,1956-01-14
Murphy,Minh,62,129,1945-07-20
Russo,Lance,63,147,1956-08-29
Weiss,Robbie,59,109,1942-05-29
Noel,Linda,69,139,1956-04-29
Katz,Debora,72,153,1998-02-23
Savage,Elton,67,154,1985-11-19
Duncan,Logan,66,138,1961-03-28
Gordon,Jacquelyn,71,167,1975-09-17
Cotton,Arline,66,141,1941-04-20
Solis,Russel,66,121,1997-03-16
Jimenez,Cathy,60,118,1973-12-18
Lamb,Floyd,64,132,1943-07-08
Daniels,Amos,66,124,1974-03-03
Mahoney,Wilhelmina,72,155,1994-12-27
Dawson,Palmer,61,112,2007-10-06
Mack,Flossie,69,146,1994-01-12
Talley,Bart,69,148,1981-05-20
Oconnor,Valentin,58,126,2002-02-28
Lucero,Renee,60,112,1981-04-30
Barron,Roseann,64,135,1991-09-03
Lockhart,Judson,61,137,1971-03-03
Mcdaniel,Lionel,64,142,1973-10-01
Andersen,Dorris,65,130,1946-12-21
Samuels,Darlene,66,124,1995-07-05
Owen,Monika,68,136,1942-10-04
Delaney,Danny,61,118,1964-03-23
Henderson,Aubrey,65,137,1995-12-30
Nix,Marisela,60,113,1968-09-26
Eaton,Viola,60,108,2012-08-04
Cuevas,Vaughn,67,123,1980-11-23
Beck,Danial,65,137,1958-01-13
Richmond,Reginald,64,119,1942-10-31
Hinkle,Emanuel,59,120,2006-02-25
Stewart,Margarita,65,122,1945-04-18
Hart,Lorri,58,111,1959-04-01
Patton,Barton,67,157,1958-03-08
Brock,Janelle,66,140,2010-12-04
Newman,Adam,58,103,1995-10-26
Heath,Alphonse,66,123,2011-01-18
Coleman,Allyson,58,112,1970-02-21
Daugherty,Napoleon,66,123,2005-04-13
Evans,Lettie,60,137,1992-03-17
Harrell,Adan,69,146,2008-08-15
Vazquez,Jarrod,72,167,1968-06-25
Calhoun,Rosario,61,108,1963-03-11
Acosta,Susanna,67,123,1942-04-03
Hogan,Jarred,62,110,1954-06-18
Escobar,Marilynn,64,143,1944-10-09
Sosa,Todd,59,127,1969-11-22
Foley,Kira,63,127,1970-07-15
Barrera,Delma,58,109,1998-11-18
Farris,Phillis,69,150,1969-07-26
Barrett,Madeleine,67,149,2005-01-02
Levine,Liza,71,158,1987-10-24
Yoder,Gus,58,113,1978-11-17
Bonner,Bret,70,151,1976-08-08
Leon,Jon,63,136,1992-07-04
Oliver,Grady,58,109,1946-01-04
Farris,Claudine,62,143,1966-06-18
Strong,Cleo,72,140,1995-12-21
Wise,Genevieve,66,138,2002-01-13
Juarez,Iva,68,140,1975-03-21
Lambert,Alexander,69,149,2005-04-08
Andrews,Cari,69,153,2003-05-18
Sherman,Jennie,63,147,1996-02-13
Stewart,Danny,61,118,1941-10-13
Nicholson,Isaiah,69,135,2010-04-02
Ferrell,Kaitlyn,61,124,1988-08-29
Cummings,Jasmin,65,146,2002-08-29
Sellers,Lucas,59,108,1964-09-17
Nance,Mauro,67,144,2003-08-12
Randall,Nora,58,130,1969-12-07
Lake,Becky,69,144,1953-10-06
Foster,Emil,68,151,1993-08-14
Blair,Asa,66,128,2003-08-16
Shea,Vickie,65,126,2011-05-07
Kennedy,Lola,65,138,1999-06-06
Todd,Bonnie,69,140,1955-09-07
Hurst,Gladys,67,134,1947-07-10
Cardenas,Donnell,72,177,1987-02-01
Schaefer,Luke,65,135,1968-06-12
Snyder,Nanette,69,168,1952-01-15
Chambers,Bridgette,69,146,1963-09-15
Cole,Rosa,59,128,1953-04-05
Mathis,Bobby,59,103,1993-01-27
Johns,Dion,59,118,1999-11-20
Numbers,Chantel,58,123,1948-08-10
Mooney,Cara,71,142,1988-08-29
Adams,Angelita,69,167,2001-08-06
Cook,Sang,70,144,1959-09-08
Fitzpatrick,Denny,59,131,1975-11-27
Lutz,Tessie,59,103,1945-05-01
Cooke,Traci,72,170,2003-02-03
Jacobson,Burl,63,118,1964-07-02
Hendrix,Jonas,62,117,1945-05-28
Pace,Debora,72,153,1942-05-26
Parks,Myron,59,106,1944-05-24
Wong,Malcolm,59,133,1977-04-21
Escobar,Mollie,60,128,1954-07-28
Gillespie,Latisha,66,130,1952-08-18
John,Sheree,59,103,1950-11-21
Hicks,Libby,64,119,1963-04-14
Briggs,Marcella,66,130,1998-09-20
Herron,Fanny,72,157,1971-02-18
Durham,Arnold,67,138,2006-06-16
Diaz,Chet,62,116,1966-06-21
Mejia,Brad,66,122,1996-04-19
Meeks,Rosemarie,63,127,1980-10-03
Huffman,Latisha,66,130,1959-01-30
Maldonado,Jewel,66,143,1967-03-14
Hood,Hilario,72,155,1992-12-18
Hendrix,Eleanor,62,122,1962-10-26
Klein,Giovanni,67,125,1974-08-30
Schwartz,Loraine,60,125,1969-09-14
French,Melva,69,158,2001-11-17
Johns,Robbie,59,118,2013-11-02
Monroe,Hortencia,69,149,2010-12-08
Burke,Len,59,118,1955-04-15
Moyer,Leonard,71,142,1985-12-08
Conrad,Logan,66,138,1956-02-15
Haas,Evangeline,72,149,1976-07-02
Cook,Rosalyn,59,114,2002-07-27
Holt,Rosa,59,128,2011-01-11
Davenport,Ahmed,63,115,1986-06-03
Nichols,Del,72,157,1966-09-04
Baker,Rosetta,58,115,1961-11-12
Elder,Grant,70,172,1986-04-08
Curry,Veda,70,159,1941-02-06
Sharp,Susan,63,134,1962-07-22
Colon,Coy,72,161,1960-12-04
Mason,Fern,63,129,1970-10-26
Vega,Omar,65,134,1940-08-12
Bishop,Tammi,71,161,1974-07-26
Morris,Robin,65,141,2007-10-19
Welch,Tasha,72,170,1958-03-12
Collier,Leanne,58,130,1999-02-03
Castro,Warren,72,147,1965-03-07
Keith,Cari,69,153,1982-12-18
Roach,Kaitlyn,61,124,1943-07-26
Greene,Ahmed,63,115,1970-02-20
Holley,Florence,63,112,2005-01-23
Mccullough,Lesa,66,146,1992-04-12
Golden,King,64,126,1949-10-09
Welch,Gertrude,60,112,1959-04-19
Sampson,Bertha,67,144,1961-08-13
Cross,Mara,64,124,2013-09-20
Harrington,Josie,65,127,1966-11-02
Ramos,Janice,58,114,2013-02-18
Holmes,Fannie,72,165,1993-09-12
Hebert,Casandra,71,167,1974-09-03
Beasley,Andy,62,129,1949-02-05
Rangel,Hillary,62,111,1949-06-19
Hoover,Lupe,58,113,2003-05-03
Hardy,Clarissa,60,115,1971-09-12
Forbes,Marci,63,137,1988-04-13
Dennis,Yong,71,163,1986-02-02
Everett,Amber,71,161,1967-12-02
Sharpe,Wilmer,63,132,2005-04-02
Britton,Lorenzo,60,112,1974-05-24
Pike,Brittney,71,136,2011-07-07
Childress,Tim,67,146,1946-08-12
Benton,Katherine,70,140,1985-04-18
Gaines,Kitty,59,108,1945-07-29
Watts,Sandy,64,121,1965-02-24
Katz,Angelique,61,128,1984-02-02
Tanner,Tisha,71,145,1946-02-17
Roberson,Laverne,62,123,1955-03-06
Velez,Lynette,71,144,1946-09-11
Thompson,Cindi,71,136,1953-11-01
Parsons,Taylor,61,139,2005-07-19
Childers,Alfredo,58,119,1949-07-02
Farrell,Frankie,72,177,1985-01-23
Sparks,Leopoldo,61,134,1958-09-23
Helms,Clark,67,160,1983-10-06
Lockhart,Colin,70,169,1973-09-01
Rich,Kristy,71,141,1968-02-14
Harper,Lea,63,136,1958-12-11
Rosario,Grover,71,152,2000-02-21
Ayala,Toney,68,157,1969-05-21
Floyd,Morgan,59,119,2000-09-05
Gallagher,Francis,70,162,1970-10-27
Valdez,Demetrius,60,137,1940-05-02
Santiago,Candace,71,141,1956-02-06
Underwood,John,68,133,1979-03-27
Rice,Jackson,68,139,1950-09-24
Dominguez,Alonzo,59,125,1966-11-17
Fernandez,Harley,69,130,1942-07-02
Moore,Randi,68,138,1976-06-29
Wood,Susana,69,152,1963-12-06
Olson,Ebony,70,157,1981-07-20
Mcdonald,Glen,63,139,1983-07-15
Bowling,Travis,71,169,1977-02-05
Carpenter,Josef,71,140,1996-01-15
Clemons,Guadalupe,61,107,1994-10-22
Martin,Bryant,63,140,1948-04-19
Porter,Calvin,66,134,1995-02-03
Nixon,Marcia,61,136,2006-06-10
Marquez,Angela,59,119,1973-05-14
Young,Mose,70,172,1969-05-24
Boone,Mark,69,152,1950-02-21
Hampton,Ebony,70,157,1977-11-11
Franks,Elissa,63,136,1954-03-04
Conley,Nelda,64,138,1989-03-25
Kendrick,Wyatt,59,105,1988-02-27
Novak,Dorothy,60,127,1943-11-11
Bowman,Leon,62,141,1997-07-25
Barker,Zack,62,141,1944-02-27
Sellers,Beulah,70,171,1940-03-06
Rosado,Brooks,66,123,1971-06-11
Fritz,Major,65,151,1960-09-11
Cardenas,Buddy,71,146,2003-02-21
Brady,Chet,62,116,1983-04-22
Dorsey,Troy,63,147,1959-05-02
Hickey,Leta,63,130,2008-07-09
Cortez,Estela,63,121,1941-10-10
Byrd,Keneth,71,147,1970-05-28
Albert,Brian,65,152,1961-06-23
Pearson,Kelli,67,136,2012-11-19
Farrell,Mandy,59,122,1990-10-05
Hays,Abraham,67,138,1994-10-18
Rowland,Rhea,68,161,2006-09-27
Noel,Jacques,71,173,1980-04-28
Mathis,Lorene,70,170,2014-03-31
Macdonald,Joel,62,143,1999-10-25
Harden,Jarod,63,121,2010-07-02
Donovan,Sybil,59,103,2007-06-27
Berger,Marguerite,70,156,1959-09-14
Bender,Jamal,70,151,1952-04-19
Cherry,Avis,70,139,1999-12-11
Nieves,Melisa,64,114,1962-04-07
Ware,Roger,70,145,2003-02-11
Black,Fern,63,129,1997-01-27
Mcmillan,Grady,58,109,1967-10-26
Chambers,Domingo,59,118,1973-09-20
Matthews,Devon,63,128,1951-06-28
Harper,Ruthie,71,137,1974-08-06
Gibson,Debra,70,159,2004-05-11
Sims,Joni,62,111,1994-04-28
Reed,Matthew,72,174,1995-03-06
Crow,Adrianne,71,161,1955-06-28
Yoder,Gregory,62,120,1988-04-19
Daugherty,Toni,70,157,2004-11-06
Meeks,Emery,63,131,1979-11-15
Hays,Kristen,66,156,1982-01-26
Griggs,Harry,63,118,1981-08-07
Stout,Ethan,66,121,1941-11-04
Blanton,Jeannette,65,148,1975-04-30
Mcguire,Corina,60,136,1941-01-18
Cox,Sonny,70,153,1995-05-22
Emery,Reynaldo,67,153,1997-05-11
Small,Gale,59,106,1995-12-12
Humphrey,Cristopher,61,136,1983-02-26
Goldstein,Shawn,72,153,1941-02-07
Shaw,Diann,59,116,1946-10-06
Cole,Claire,62,125,1940-10-09
Stuart,Royce,71,158,1946-03-30
Cantu,Leopoldo,61,134,1994-11-03
Beard,Oscar,68,164,2005-12-04
Blackwell,Herman,68,136,2010-08-27
Curry,Rodger,66,142,1989-03-28
Rodriguez,Vaughn,67,123,1956-10-10
Bartlett,Carrie,67,152,1961-11-23
Bender,Marcie,59,125,1971-01-04
Wright,Fannie,72,165,1977-12-22
Haas,Brendon,66,133,1943-02-18
Acevedo,Alvina,63,113,1978-09-26
Frye,Maxwell,71,170,1985-01-17
Mcbride,John,68,133,2000-03-21
Pena,Letitia,60,117,1941-01-25
Chandler,Eugene,70,169,2014-01-28
Crane,Esmeralda,68,160,1986-01-06
Hodges,Dewey,70,161,2004-06-11
Ingram,Willian,69,169,1984-06-30
Williamson,Aimee,72,154,1995-08-22
Arroyo,Muriel,64,142,1983-07-19
Haynes,Jackson,68,139,1976-03-19
Torres,Cecilia,67,140,1974-07-03
Weber,Joanna,66,130,1963-09-17
Bolden,Devon,63,128,2010-06-20
Anderson,Kimberley,68,139,2014-10-01
Grimes,Verda,62,126,2007-05-05
Conway,Lauren,68,158,1963-12-10
Camp,Kenya,58,110,1989-03-26
Rasmussen,Elden,58,112,1993-12-25
Ratliff,Emmanuel,59,115,1964-11-22
Cline,Sue,62,111,1984-05-19
Downs,Dana,62,142,2002-06-12
Dailey,Aimee,72,154,1961-10-07
Schultz,Wilson,72,138,1986-06-26
House,Cindy,64,145,1979-04-12
Sweeney,Rosemarie,63,127,2010-12-26
Beard,Margie,70,163,1990-11-29
Neal,Odessa,71,159,1954-12-24
Walters,Cleveland,58,123,1970-11-13
Wall,Fausto,59,108,1988-08-24
Ballard,Errol,66,141,1947-04-28
Livingston,Rickie,69,150,1973-07-29
Howard,Margery,69,166,2006-07-10
Cleveland,Ernesto,71,148,1965-04-22
Poole,Jeramy,68,129,1962-02-23
Nicholson,Clifton,69,155,2014-08-24
Johns,Norris,59,118,1999-10-09
Dickson,Desmond,59,133,1990-10-28
Cooley,Adeline,63,130,1986-10-13
Puckett,Warner,59,113,1992-05-10
Mckay,Rosita,63,125,1977-02-22
Mayes,Jodi,58,106,1957-11-29
Sweeney,Leigh,59,114,1983-11-05
Orr,Jerome,58,131,1974-03-28
Powers,Frankie,66,151,1983-05-28
Mcgowan,Jeramy,68,129,1954-03-13
Munoz,Joe,64,136,2005-12-08
Franklin,Opal,63,115,1966-09-03
Hyde,Barbra,71,155,2013-07-09
Elliott,Russel,66,121,1964-06-22
Montes,Marcus,71,138,1942-06-21
Chambers,Emilia,72,155,1953-10-24
Valenzuela,Maggie,65,124,2010-05-12
Mata,Lorena,66,144,1989-11-05
Campos,Man,71,162,1980-06-30
Dillon,Letha,72,156,1972-05-29
Crouch,Jordan,61,138,1966-08-11
Denton,Malcom,70,146,2003-05-06
Mercer,Loretta,59,105,1964-06-20
Gamble,Lyn,63,117,1975-10-09
Pena,Verna,59,124,1990-02-01
Parker,Milagros,70,143,1959-05-30
Cook,Marsha,63,139,1988-05-04
Lara,Calvin,66,134,1949-09-20
Moses,Jennifer,65,117,1993-04-14
Bullock,Greta,65,146,1963-03-27
Kramer,Jocelyn,68,160,1978-11-24
Koch,Deloris,71,174,2014-09-25
Santana,Anna,58,118,1964-05-27
Carr,Colby,70,164,1954-05-08
Lucero,Tod,69,144,1985-02-26
Shoemaker,Julian,70,140,1989-05-07
Mcclain,Nicholas,60,130,1949-01-16
Sheppard,Justin,67,143,2008-05-25
Guthrie,Alissa,65,143,1946-09-28
Ratliff,Bud,69,154,2005-09-29
Wilson,Noah,63,127,1981-09-18
Perkins,Jefferey,58,117,1995-04-25
Wynn,Chas,59,117,1991-08-24
Rivas,Aubrey,65,137,1998-09-12
Wheeler,Renaldo,65,136,1961-02-11
Hayes,Debby,65,155,1967-05-08
Bean,Duane,66,159,1962-12-11
Gutierrez,Sharlene,62,117,1978-06-03
Arrington,Elisha,63,146,1955-09-14
Howard,Nicole,72,174,1963-09-16
Burnett,Iola,69,161,1957-02-03
Terrell,Silvia,72,148,2011-03-17
Small,Larissa,65,134,2004-07-16
Sears,Cory,66,136,1964-11-05
Meyers,Denis,60,132,1978-02-16
Anthony,Titus,72,166,1948-07-07
Woodruff,Weston,67,126,1963-11-26
Holcomb,Milo,58,121,2005-10-14
Galloway,Branden,60,121,1952-11-23
Winters,Bennett,62,143,1990-05-13
Byers,Kennith,63,138,1951-03-31
Camp,Gregory,62,120,1985-12-27
Doyle,Laurie,71,149,2001-08-23
Witt,Dylan,70,149,1997-11-13
Richard,Wilma,62,118,2006-07-12
Hurley,Randall,69,151,1976-12-10
Vasquez,Frederick,65,152,2004-08-11
Noel,Lavonne,67,126,1983-05-09
Mendoza,Jack,63,113,1989-03-27
Rutherford,Rafael,72,160,1992-08-20
Avila,Lidia,59,106,1971-06-16
Mccullough,Diane,60,131,1970-09-21
Vaughn,Wilhelmina,72,155,1992-02-28
Riley,Juana,58,105,1956-08-01
Perez,Jerold,59,112,1979-12-02
Stout,Deangelo,58,115,1960-09-27
Whaley,Shelia,71,137,1999-09-07
Rice,Alison,69,158,1975-07-25
Craig,Robin,65,141,1957-04-02
Marsh,Pierre,72,150,2006-01-21
Peters,Jo,64,139,1981-02-16
Greene,Darwin,68,167,1997-09-08
Obrien,Rickey,60,110,1994-02-18
Coffman,Myrtle,64,122,1963-09-07
Smart,Phillis,69,150,1995-09-04
Stanley,Andrea,68,156,2006-04-12
Martinez,Eusebio,64,138,1975-05-22
Oconnor,Wilburn,63,137,2013-10-07
Welsh,Jarvis,67,155,1970-12-27
Clayton,Carissa,63,123,1963-07-26
Hayden,Reta,71,163,1955-06-20
Barry,Ken,65,122,1953-09-28
Bruce,Lola,65,138,1944-12-21
Moreno,Augusta,68,154,1957-11-21
Carson,Jewel,65,154,1949-08-19
Springer,Cristina,69,168,1968-09-30
Hawkins,Tami,61,109,1974-10-19
Law,Bud,69,154,1988-09-18
Cooke,Carlo,72,141,1964-12-29
Hartley,Veda,70,159,1997-10-05
Cain,Dolly,62,128,2013-02-22
Ochoa,Giovanni,67,125,1952-03-19
Francis,Delbert,65,141,1985-05-27
Ervin,Ivy,69,129,1965-05-30
Terrell,Booker,63,126,1983-02-06
Mcdonald,Clement,72,138,1958-02-18
Miles,Zoila,69,133,1998-08-12
Dunn,Reva,67,125,1965-12-01
Haynes,Dena,69,169,1954-10-07
Polk,Donnie,62,116,1954-12-15
Chang,Porter,61,132,1961-01-13
Castaneda,Margaret,66,137,1956-09-29
Madden,Calvin,66,134,1943-12-19
Dixon,Jules,65,122,2007-03-10
Alford,Rusty,71,154,1970-06-10
Meyer,Mercedes,69,149,1945-09-01
Miller,Claud,64,132,1973-10-21
Welch,Jade,68,157,1941-09-12
Knowles,Rosetta,58,115,1948-07-24
Justice,Tracy,65,129,1961-09-14
Terrell,Angel,64,146,2013-08-03
Lane,Katy,61,129,1993-02-25
Lindsey,Lamont,72,178,1961-02-15
Field,Rhonda,72,170,1974-05-05
Morton,Chloe,61,131,2006-09-21
Fowler,Clarissa,60,115,1954-01-03
Ward,Minh,62,129,1991-07-01
Romero,Hassan,72,165,1986-12-16
Deleon,Emerson,61,129,1962-04-09
Hall,Maxine,70,137,1969-06-29
Maloney,Lorena,66,144,2008-03-12
Justice,Ofelia,68,156,1982-06-07
Meyers,Marylou,62,118,1992-08-16
Burgess,Hank,62,131,1981-03-19
Larson,Ivan,58,120,1963-05-26
Yates,Roxanna,72,175,1958-08-27
Griffin,Carissa,63,123,1986-10-28
Griggs,Hazel,61,133,2014-02-18
Gordon,Wesley,69,159,1958-08-14
Schmidt,Elsa,67,162,1996-07-07
Washington,Josephine,72,138,1970-07-05
Barker,Tyree,72,156,1976-07-05
Guzman,Zoila,69,133,1954-11-11
Shields,Louie,67,144,1960-10-19
House,Tomas,58,103,2004-04-13
Terrell,Arron,65,137,1959-02-16
Bauer,Lillian,67,163,1957-12-13
Holley,Rubin,68,163,2007-02-18
Noble,Ivy,69,129,1982-02-01
Boone,Katherine,70,140,2000-07-29
Pryor,Maxwell,71,170,1988-11-04
Myers,Teresita,70,169,1942-04-09
Barrett,Olen,66,138,1972-09-11
Andersen,Janell,71,137,1963-04-04
Griffin,Tammy,68,126,2013-09-29
Dickson,Fannie,72,165,1950-07-09
Dickerson,Harley,69,130,2011-02-08
Knight,Eunice,62,126,2006-02-22
Hickman,Jeffry,68,136,1980-10-27
Rhodes,Mamie,64,131,1987-11-05
Archer,Reuben,61,135,1967-12-08
Sutton,Lizzie,60,105,1990-10-31
Montgomery,Aida,71,145,1968-04-27
Rowe,Elroy,63,141,1963-03-11
Krause,Cecile,58,129,1980-09-01
Bond,Joy,71,154,1956-10-07
Worley,Sabrina,60,133,1989-10-02
Norris,Joanne,68,153,1993-11-08
Lewis,Robt,65,121,1979-07-09
Coffman,Micah,70,146,2000-10-09
Carver,Margarita,65,122,1953-03-12
Jarvis,Cary,68,160,1967-06-13
Fowler,Cody,62,109,1994-02-09
Hood,Rosendo,71,152,2004-03-19
Butler,Rolando,71,137,1972-02-08
Dotson,Roslyn,70,156,1983-06-15
Kinney,Nina,68,155,2011-07-11
Atkinson,Kareem,58,104,2013-04-13
Mccormick,Raphael,66,120,1954-05-02
Connor,Lilly,72,143,1989-11-06
Chen,Velma,71,164,2013-10-03
Barry,Leona,64,127,1986-04-14
Scott,Zelda,72,158,1957-03-05
Hale,Merlin,58,115,1974-02-09
Villa,Kira,63,127,1975-03-22
Dillard,Randolph,63,146,2007-01-06
Pope,Edna,58,130,1946-01-11
Sims,Vicky,63,144,2014-02-05
Workman,Rogelio,63,114,1947-03-08
Carroll,Adolph,58,117,1989-04-17
Baldwin,Shelia,71,137,2013-01-12
Travis,Giovanni,67,125,1972-06-29
Farrell,Stacie,63,142,1960-05-17
Neal,Glenda,69,129,1961-10-04
Trujillo,Monroe,62,138,1998-09-06
Morgan,Florine,69,170,1966-07-24
Mcguire,Sheri,61,108,1999-12-16
Bauer,Sophie,61,117,1958-10-04
Elkins,Chris,72,177,2014-01-29
Foster,Walton,64,114,1993-04-19
Finch,Maurice,65,125,1949-12-03
Lott,Ursula,71,176,1973-05-04
Sawyer,Tyler,58,112,1978-08-29
Coffey,Marquita,70,137,1960-11-16
Flynn,Napoleon,66,123,1986-04-01
Donahue,Edward,59,133,2012-07-19
Chase,Concetta,70,134,1993-09-08
Mcknight,Wilfred,70,137,1989-12-11
Hawkins,Buster,68,155,1994-09-07
Middleton,Ezequiel,72,150,2008-10-13
Hodge,Lazaro,59,107,1965-07-17
Mcallister,Johnnie,72,170,1997-12-14
Conner,Patricia,70,161,1983-07-13
Ramirez,Maryanne,71,161,1950-02-20
Finch,Mildred,65,129,1985-02-03
Kane,Maritza,65,150,1955-09-20
Bishop,Caren,63,132,1943-09-26
Puckett,Hobert,64,127,1944-03-23
Anderson,Peter,67,130,1991-08-09
Mendez,Bianca,72,157,1994-06-20
Hobbs,Gus,58,113,1948-07-21
Lindsay,Harrison,65,136,2009-02-08
French,Morgan,59,119,1944-12-22
John,Berta,70,161,1946-04-15
Hooper,Roslyn,70,156,1994-05-13
Perry,Debora,72,153,2013-11-11
Elder,Myrtle,64,122,2014-07-31
Marquez,Ruben,66,139,1983-08-05
Kinney,Ginger,65,142,2012-03-19
Pugh,Darrin,59,120,1987-05-13
Stuart,Gregorio,62,136,1986-08-09
Holder,Jean,67,155,1942-04-01
Farrell,Frankie,66,151,1943-06-13
Denton,Willian,69,169,1948-08-19
Stinson,Dionne,63,121,2004-11-19
Rowe,Saul,63,113,1961-03-01
Dillard,Germaine,62,126,2011-09-23
Serrano,Leota,58,111,1965-05-27
Quinones,Kerry,66,149,1961-05-15
Conrad,Timothy,67,141,1960-04-30
Hoover,Jeromy,58,111,1969-01-18
Munoz,Lana,70,150,2009-06-02
Fitzgerald,Edgar,62,113,1959-09-27
Pope,Fannie,72,165,1971-08-27
Carson,Joni,62,111,1948-10-04
Roy,Randell,60,114,2008-12-21
Conrad,Cathleen,72,159,1989-07-23
Galloway,Lottie,64,125,2003-02-14
Daugherty,Tina,71,141,2002-08-03
Graham,Guadalupe,70,133,1979-04-10
Petty,Orville,61,126,1966-09-30
Skinner,Marlin,58,116,1956-01-10
Conley,Lon,58,125,1985-06-09
Mason,Dixie,64,117,1999-08-22
Fuentes,Odell,68,128,1957-07-22
Washington,Sammie,66,152,1967-10-11
Berg,Chester,60,133,2006-03-12
Johnson,Irvin,59,109,1966-11-02
Mooney,Cody,62,109,1951-11-15
Boggs,Ty,60,116,1945-11-30
Logan,Chris,72,177,1958-06-12
Cooke,Iola,69,161,1945-05-25
Lewis,Patsy,70,143,1941-11-24
Wolf,Alfredo,58,119,1996-02-18
Gonzales,Chet,62,116,2005-11-11
Dodd,Crystal,60,129,1973-11-30
Steward,Jean,67,155,1998-04-09
Cramer,Mack,62,121,1991-11-21
Rich,Dylan,70,149,1941-01-28
Booker,Zachary,59,127,2012-01-22
Chambers,Jarrett,70,169,1973-07-07
Knox,Ali,59,114,2008-11-25
Harrington,Marva,71,146,1975-12-09
Anthony,Nanette,69,168,1992-11-13
Wilson,Petra,71,172,1961-04-09
Newman,Maurine,58,124,2001-10-04
Lara,Flossie,69,146,1960-01-24
Whitehead,Marcy,70,148,1946-10-07
Guerra,Eugenia,67,156,1958-09-20
Holley,Charley,58,129,1943-11-09
Gaines,Kaitlyn,61,124,1997-02-12
Stanley,Joe,64,136,2013-11-23
Tucker,Harlan,65,138,1969-02-16
Nunez,Minh,62,129,1993-11-27
Walters,Valarie,63,115,1997-09-20
Graham,Viola,60,108,1972-05-28
Workman,Lori,68,131,2002-04-21
Cherry,Corrine,67,159,1941-03-25
Vaughan,Lakisha,59,132,2008-10-10
Fletcher,Zella,72,168,1944-06-25
Plummer,Santos,68,162,1983-09-16
Soto,Bobby,59,103,1953-12-03
Blankenship,Rodrigo,65,132,2000-01-26
Justice,Stella,58,111,1981-07-31
Robertson,Jeffery,61,106,1944-08-03
Ivey,Lori,68,131,1979-03-26
Forbes,Jefferson,68,162,1968-10-08
Boyd,Carlene,60,132,1947-01-05
Shaffer,Vida,59,112,2008-07-07
Walters,Candy,65,136,1974-01-30
Delaney,Savannah,63,135,1952-11-27
Fox,Rachel,63,139,1996-10-13
Rowe,Allan,58,102,1940-12-05
Holloway,Sheena,70,137,1965-06-29
Swain,Terrie,68,159,1954-12-22
Kim,Berta,70,161,1954-10-20
Dudley,Jim,60,121,2000-04-12
Guzman,Nan,70,154,1962-12-13
Hester,Nannie,70,154,1990-12-11
Simmons,Stefanie,67,137,1958-05-15
Shields,Ione,68,152,2000-05-08
Cooke,Lilian,68,147,2013-07-11
Mcguire,Dora,63,129,1953-06-11
Bowman,Rodrigo,65,132,1977-02-10
Cross,Floyd,64,132,1997-05-18
Marquez,Collin,65,126,1998-01-25
Boucher,Adan,69,146,1970-07-04
Park,Julius,68,135,1971-06-12
Aguirre,Renita,64,134,1951-09-28
Wills,Jeannette,65,148,1995-10-14
Witt,Lane,68,142,1977-01-21
Hoffman,Scot,64,136,2004-12-16
Dean,Natasha,66,128,1953-02-09
Sheppard,Lora,63,142,2001-08-27
Merritt,Tanisha,72,154,2011-09-28
Watkins,Cecil,68,146,2001-05-25
Good,Raleigh,65,141,1962-05-28
Flores,Jamaal,71,156,1964-11-30
Nieves,Lila,63,126,1993-09-24
Nielsen,Hal,59,105,1974-12-17
Farris,Jamie,61,132,1960-03-07
Yoder,Russel,66,121,1970-10-02
Cleveland,Eddie,59,119,1947-02-18
King,Adeline,63,130,2002-01-10
Johns,Kent,58,121,1962-06-21
Mckee,Alice,67,142,1946-07-18
Rojas,Merle,68,153,1954-01-07
Sweeney,Abraham,67,138,1995-06-10
Goff,Asa,66,128,1976-03-07
Ewing,Cole,58,105,1976-06-07
Garrison,Caitlin,61,109,1962-02-26
Parker,Agnes,69,137,2007-06-27
Hill,Shauna,58,106,1941-01-18
Alexander,Francesco,61,110,1957-10-18
Maloney,Joyce,60,120,2006-09-07
Hamilton,Maurice,65,125,1969-03-29
Stout,Elijah,71,167,2005-07-15
Hurst,Willie,71,137,1990-11-08
Ray,Wilda,69,160,1957-06-23
Hurley,Celina,67,140,2009-05-11
Perez,Trinidad,61,130,1970-08-06
Fischer,Colin,70,169,1977-08-07
Mobley,Elva,65,144,1970-01-24
Mcginnis,Claudine,62,143,1995-07-27
Leach,Sal,66,153,2006-04-30
Welsh,Amy,71,139,1959-03-25
Chang,Lina,65,134,2013-08-05
Gross,Joel,62,143,1969-07-29
West,Hal,59,105,1966-12-03
Carey,Carey,61,116,2010-02-01
Rich,Carolyn,58,113,1982-03-03
Randolph,Cody,62,109,1940-12-30
Garza,Emma,61,115,1972-09-23
Stanton,Ashleigh,68,135,1956-07-01
Sparks,Alvina,63,113,1942-10-14
Frazier,Lenore,61,108,1944-01-04
George,Wesley,69,159,1989-01-25
Fitzgerald,Darron,71,149,1961-02-02
Ruiz,Milton,71,173,1947-08-09
Melendez,Lindsey,71,139,2001-05-16
Grady,Murray,59,107,2013-10-26
Peck,Joesph,68,164,1963-03-02
Austin,Edwina,71,153,1980-08-25
Nicholson,Lorraine,63,142,1960-10-05
Davies,Eliseo,69,131,1988-06-18
Childs,Larry,68,132,1942-06-29
Hyde,August,59,114,1981-02-19
Dodd,Celestine,60,112,1949-01-11
Moody,Demetria,70,149,1994-03-25
Foley,Selma,72,167,1973-03-22
Joseph,Cyrus,62,128,1967-05-19
Mcdaniel,Kara,64,134,1960-08-26
Solomon,Yolanda,62,136,2001-01-16
Mckay,Alyce,59,119,1996-10-18
Crawford,Rocio,62,126,1955-10-21
Oneal,Nanette,69,168,1940-07-19
Poole,Noreen,59,110,2002-12-13
Numbers,Lilly,72,143,2003-08-16
Hinton,Domenic,58,121,1975-04-12
Hewitt,Charlotte,63,132,1990-12-18
Orr,Rickey,60,110,1973-11-21
Dixon,Vickie,65,126,1979-11-27
Wolf,Erasmo,60,118,1957-04-11
Ervin,Walter,66,150,1981-11-18
Friedman,Candy,65,136,1993-04-17
Todd,Jeffery,61,106,2013-04-13
Hoover,Emil,68,151,1982-05-22
Hutchins,Audrey,67,163,2011-12-09
Hamilton,Hershel,65,118,1986-09-15
Travis,Domenic,58,121,2010-05-14
Faulkner,Loretta,59,105,1974-05-04
Harden,Henrietta,70,148,1962-02-02
Wilcox,Bridgett,63,114,1959-02-09
Wilkerson,Mario,72,162,1987-02-02
Greer,Chelsea,59,131,1999-04-16
Savage,Gina,70,142,2014-03-17
Hewitt,Marvin,70,165,1953-11-03
Maynard,Abdul,69,146,1959-04-01
Callahan,Brittney,71,136,1966-05-02
Serrano,Rickey,60,110,1957-01-19
Burris,Wesley,69,159,1940-04-06
Corbett,Claudio,69,156,1953-11-17
Moran,Augustine,65,128,1985-08-26
Lockhart,Armando,59,104,2009-09-19
Galloway,Colleen,63,114,1992-04-04
Forbes,Sheldon,71,157,1943-12-24
Salinas,Rodney,65,121,1945-02-27
Mayer,Eliza,66,122,2004-04-23
Mcdaniel,Amelia,68,146,1957-05-06
Goff,Lela,60,119,1975-10-03
Hubbard,Christian,62,123,1942-07-06
Spears,Eleanor,62,122,2011-04-19
Roy,Cathrine,64,150,2008-08-22
Heath,Frieda,72,148,1957-05-18
Payne,Mason,64,114,1952-02-21
Rangel,Meagan,70,155,1963-03-17
Thornton,Vicki,65,136,1955-08-16
Ponce,Alan,67,155,1988-11-13
Starr,Woodrow,68,136,1992-10-21
Houston,Phoebe,63,113,1998-06-25
West,Fletcher,60,133,1974-03-27
Lane,Francis,70,162,1973-06-23
Dominguez,Carey,67,126,2012-07-03
Strong,Jimmie,66,120,2003-04-15
Wiggins,Goldie,68,146,1996-03-15
Barron,Racheal,61,112,1940-06-17
Green,Marcellus,69,165,1944-03-08
Tatum,Herschel,70,160,1941-11-23
Clay,Sid,63,126,1996-05-14
Matthews,Orville,61,126,2009-03-27
Turner,Candida,64,133,2008-12-24
Stevens,Jesus,67,125,1971-06-21
Sweet,Lucius,60,115,2014-10-05
Robinson,Cedric,62,119,2000-07-19
Orozco,Elisa,58,118,2011-03-23
Collier,Zane,66,142,1989-05-28
Whitehead,Omer,58,107,1957-04-09
Strickland,Edith,72,142,1956-06-21
Rodriquez,Valarie,63,115,1983-09-14
Akers,Randal,62,123,1952-04-27
Franco,Patti,66,126,2014-07-27
Nelson,Kelsey,63,120,2005-03-25
Harrell,Wallace,64,123,1970-08-31
Gallegos,Mikel,71,136,2013-06-07
Duffy,Orville,61,126,1996-09-01
Burris,Joan,62,137,1949-05-05
Corbett,Kathi,69,165,1989-10-05
Cain,Carmel,67,136,1941-09-11
Gore,Fernando,67,128,1993-10-02
Barron,Tyson,61,110,1967-10-30
Marshall,Daren,67,139,1960-06-18
Cox,Boyce,71,136,1971-03-07
Gonzales,Agatha,66,146,2005-04-24
Rouse,Leonor,61,115,1950-07-20
Yoder,Antonio,62,139,1975-04-25
Doyle,Hilario,72,155,1980-06-03
Nielsen,Nilda,66,141,1949-12-27
Woods,Clifford,70,156,1940-05-18
Watkins,Alan,67,155,1993-04-27
Leonard,Oma,66,157,2011-05-13
Patton,Queen,64,144,2002-09-03
Stokes,Alejandra,64,138,1969-03-21
Santana,Alonso,60,125,2002-10-14
Ayala,Deangelo,58,115,1998-03-11
Eldridge,Kristopher,68,159,1997-03-10
Singleton,Nola,66,130,1995-11-09
Conley,Robbie,59,118,1989-05-08
Johnston,Millard,60,113,1944-06-15
Ayers,Grace,62,123,1978-04-11
Harden,Ahmed,63,115,2007-07-13
Dorsey,Gail,62,140,1947-12-03
House,Leonard,71,142,1973-03-05
Moss,Eva,63,134,1975-11-19
Wood,Shane,72,138,1980-06-02
Tran,Preston,71,151,1969-11-16
Lester,Rex,67,127,1967-09-27
Dunbar,Johnny,72,159,1998-07-19
Grady,Lincoln,72,149,2010-03-05
Norman,Kathie,59,112,1957-11-02
Lowery,Burt,66,156,1992-03-13
Elmore,Judith,70,135,1999-02-18
Mccann,Mona,58,109,2012-04-26
Murray,Lilly,72,143,1964-11-23
Cook,Maude,64,151,2002-01-04
Houston,Chrystal,63,139,1969-04-10
Koch,Shellie,58,118,1964-12-14
Robles,Forrest,69,150,2012-06-21
Webber,Jake,66,129,1985-10-25
Bacon,Tamera,62,137,1943-09-07
Hardy,Coy,72,161,1970-09-19
Caldwell,Tricia,62,139,1950-07-27
Duffy,Aisha,65,133,1975-08-10
Mosley,Michael,68,160,2007-12-11
Mcgowan,Emmitt,69,153,2006-07-08
Russell,Julianne,69,134,1997-04-27
Holloway,Hollis,58,124,1993-06-12
Leonard,Erik,65,151,1986-01-29
Krueger,Tobias,62,128,1990-07-07
Fernandez,Valerie,69,144,1957-07-29
Ross,Elvia,66,120,2008-12-07
Mayer,Emanuel,59,120,1977-12-14
Petersen,Vern,61,126,2004-07-08
Kane,Josh,63,133,1995-11-27
Booth,Agnes,69,137,1960-12-25
Zuniga,Cornelius,65,142,1985-05-26
Lewis,Clifford,70,156,1993-10-18
Barnett,Brady,69,149,1941-04-10
Vazquez,Arleen,68,167,1988-05-20
Clements,Herman,68,136,1945-04-02
Clayton,Stacy,72,166,1961-03-30
Barlow,Louella,63,139,1974-07-17
Walter,Maude,64,151,1982-04-12
Gutierrez,Jennifer,65,117,1949-06-15
Riddle,Lon,58,125,1951-02-09
Russell,Gay,61,139,1941-12-02
Avila,Elva,65,144,1946-10-20
Goldstein,Vilma,59,107,1953-08-25
Gamble,Dewayne,68,145,1978-12-19
Moser,Parker,61,113,1959-05-23
Ponce,Elisa,58,118,1969-03-08
Broussard,Hai,65,153,2005-05-26
Sawyer,Donny,61,107,1944-08-29
Kent,Elvira,64,120,1961-06-18
Bridges,Earlene,61,132,1984-10-04
Gross,Donnell,72,177,1966-01-05
Avila,Adam,58,103,1942-11-21
Bland,Nichole,66,128,1948-07-26
Yoder,Delmer,67,140,2014-12-28
Poole,Annabelle,64,133,1974-08-14
Mcdaniel,Isabelle,72,166,1942-09-08
Werner,Madelyn,71,165,1951-01-21
Osborn,Wilton,70,155,1990-08-25
Ratliff,Alyson,60,133,1988-10-19
Stout,Mavis,72,142,1951-09-29
Woodruff,Esther,64,149,1958-07-04
Stone,Alexandra,62,138,1966-08-28
Stein,Ilene,58,104,2006-01-21
Mcgowan,Rochelle,60,120,1972-05-12
Guy,Nicky,72,151,1999-08-13
Glover,Tracy,69,140,1969-10-28
Olsen,Jerrell,71,163,1942-08-14
Duke,Renae,70,140,1998-08-28
Bryant,Roscoe,67,129,1998-09-06
Kimball,Eula,70,160,2007-09-04
Glass,Katrina,58,122,1977-12-17
Head,Dottie,72,154,1968-06-05
Oliver,Josie,65,127,1969-07-16
Rutledge,Arlen,62,115,1956-06-19
Numbers,Kris,69,153,1965-05-02
Mayfield,Concetta,70,134,2005-01-03
Delarosa,Alva,69,170,1948-10-19
Avery,Wade,70,157,1942-10-09
Beach,Shelia,71,137,1977-11-07
Winters,Christian,61,116,2009-02-16
Gentry,Chuck,60,104,1949-10-19
Salas,Rosalia,59,109,1960-01-12
Dudley,Alberta,67,152,2013-10-13
Vazquez,Loren,61,121,1979-02-14
Day,Erick,65,147,1978-08-14
Golden,Heidi,61,112,1986-03-24
Johns,Chantel,58,123,1952-05-17
Hodge,Marquita,70,137,2001-02-23
Cline,Mariana,58,113,1977-07-21
Howe,Sandi,58,103,2008-06-26
Vang,Colton,62,120,1975-07-18
Moody,Tania,71,162,1964-04-20
Black,Birdie,61,107,1953-08-23
Mcgowan,Dollie,58,111,2007-07-19
Espinoza,Heidi,61,112,1974-07-05
Hartley,Retha,63,144,1958-07-15
Davis,Kerri,61,133,1951-03-12
Welch,Bettie,61,114,2004-05-02
Rutherford,Bobby,60,132,1967-12-29
Walter,Benedict,68,162,2002-08-07
Dean,Lauri,60,116,1964-03-07
Moss,Chantel,58,123,1969-09-01
Mcknight,Josie,65,127,1947-04-10
Palmer,Man,71,162,2002-12-29
Landry,Kelsey,63,120,1954-02-24
Moyer,Myron,59,106,1991-05-13
Black,Lelia,68,140,2000-09-24
Haynes,Brianne,68,143,2013-12-13
Todd,Madelyn,71,165,2007-02-16
Randolph,Madonna,67,145,1984-04-20
Keller,Marion,65,151,2007-12-24
Preston,Mattie,70,140,1988-10-07
Warner,Cliff,62,143,1949-10-26
Ellison,Mellissa,70,160,1963-02-22
Tanner,Lola,65,138,1973-02-12
Owens,Vernice,67,147,1958-02-12
Polk,Mindy,71,138,1995-06-24
Kirkpatrick,Lillian,67,163,1980-10-09
Contreras,Ronda,66,139,1940-10-12
Rodgers,Stanley,66,149,1998-11-13
Larson,Coy,72,161,1982-09-20
Ewing,Mitchell,66,130,1980-04-26
Stein,Leslie,62,117,1942-10-15
Bauer,Cristina,69,168,1959-11-14
Quinones,Terrance,64,142,1961-10-27
Kendrick,Cory,66,136,1974-03-02
Powell,Phillis,69,150,1951-12-13
Shannon,Dennis,59,112,1994-09-15
Kendall,Freddie,59,121,2009-10-25
Oconnell,Lidia,59,106,1958-05-14
Galvan,Anastasia,68,128,1998-03-26
Sweet,Jerrold,63,111,1955-04-14
Villa,Leticia,62,111,1951-01-25
Morales,Ester,59,106,1943-05-13
Oneal,Ora,61,124,1963-06-06
Meyers,Elisha,63,146,1963-11-10
Gillespie,Rosetta,58,115,1946-09-06
Briggs,Angelo,72,154,1951-06-09
Stafford,Leigh,59,114,1968-11-03
Robles,Quincy,61,140,2005-06-21
Boyle,Morton,64,123,2011-02-03
Villanueva,Diego,67,150,1959-05-10
Diaz,Judson,61,137,1993-02-21
Howe,Helene,69,167,1961-02-24
Vasquez,Bernard,66,148,1954-10-12
Mcclure,Young,71,172,1982-07-04
Greene,Lucas,59,108,1990-11-20
Rush,Brett,66,151,2012-01-24
Norman,Hilario,72,155,1948-10-03
Lugo,Lauren,59,110,1961-06-02
Thornton,Abraham,67,138,1958-03-24
Small,Gretchen,61,107,1958-08-02
Simmons,Maria,68,165,1976-12-28
Crane,Donald,62,134,1995-07-21
Higgins,Vito,66,133,2004-11-01
Yates,Clifton,69,155,2006-04-22
Gates,Jeremiah,62,110,2009-08-07
Ayers,Meagan,70,155,1960-08-23
Katz,Georgina,70,133,1947-10-17
Suarez,Kristie,69,159,1967-01-23
Long,Herbert,66,139,2002-10-27
Moore,Belle,66,143,1955-08-13
Peters,Stuart,65,151,1959-08-27
Norris,Magdalena,67,157,1996-09-04
Pittman,Ivette,58,107,1964-10-12
Haney,Dianne,69,161,1960-03-29
Childers,Roxanna,72,175,2010-01-17
Mccray,Gale,59,106,2005-11-24
Winters,Bryant,63,140,1945-05-15
Ballard,Sheri,61,108,1948-05-22
Villarreal,Leslie,63,137,2010-02-23
Duncan,Ma,66,123,1993-12-03
Herrera,Gabriela,62,143,1995-09-25
Copeland,Lyle,64,139,1971-09-26
Black,Harris,70,154,1947-08-23
Herrera,Robin,70,140,1997-07-17
Godfrey,Danette,66,155,1967-09-01
Meeks,Tawana,64,145,1979-02-10
Fuller,Blaine,58,121,1959-03-22
Mercer,Marcos,69,132,1977-10-27
French,Landon,72,155,2001-03-27
Carter,Rosanne,72,157,1967-09-01
Holman,Agatha,66,146,1981-06-20
Good,Josefina,64,120,2002-07-09
Ware,Fletcher,60,133,2010-11-02
Blue,Alana,69,133,1955-08-06
Elliott,Leif,68,147,1985-05-17
Werner,Hector,61,111,1963-07-11
Wilcox,Bessie,68,164,2009-03-28
Robertson,Elmo,60,109,1948-09-22
Clifton,Shannon,64,138,1942-09-27
Ratliff,Lorena,66,144,1984-05-19
Lowery,Brandi,58,116,1953-07-25
Chamberlain,Willa,71,138,1988-01-29
Lamb,Ophelia,65,128,1949-07-10
Gregg,Forest,64,122,1951-11-27
Mcfadden,Richie,68,166,2000-03-15
Robinson,Jeffrey,62,140,2009-04-21
Bonner,Lucas,59,108,1954-07-03
Werner,Abe,63,111,1966-07-16
Valdez,Stacy,72,166,1950-05-05
Novak,Corey,71,163,1973-12-23
Beach,Ed,70,139,1986-01-26
Leblanc,Heriberto,72,154,1958-07-27
Rowe,Rashad,67,151,1996-10-20
Ramos,Frances,72,159,1947-05-26
Bergeron,Mario,72,162,1957-05-30
Gore,Rodger,66,142,1978-08-08
York,Lorie,70,163,1945-08-14
Bean,Heather,70,161,2002-01-05
Hampton,Ines,60,111,1965-11-05
Huber,Ronnie,61,130,1959-05-27
Everett,Nadine,63,127,1982-06-13
Ivey,Antoinette,61,118,1951-05-12
Shepard,Santo,59,132,1964-09-17
Kirkpatrick,Jere,62,108,1960-11-07
Kaufman,Adrianne,71,161,1940-02-02
Zimmerman,Sandra,69,144,1959-11-09
Steward,Fredrick,70,166,2003-12-10
Griffin,Jackie,60,120,2001-05-24
Perry,Valarie,63,115,1973-11-11
Lam,Lauren,68,158,1957-01-16
Olsen,Jonas,62,117,1967-12-18
Burns,Verna,59,124,1949-11-27
Barlow,Donovan,65,146,1943-03-06
Gibson,Maxine,70,137,1994-05-01
Cooke,Hilton,58,110,1969-01-11
Albert,Foster,66,144,1963-09-03
Ortega,Gino,70,166,1984-08-08
Simmons,Vernice,67,147,1957-01-19
Benton,Hector,61,111,1999-09-25
Johnson,Maura,59,128,1959-10-05
Kidd,Daisy,72,138,1985-06-17
Mccarthy,Lenard,72,179,1942-04-24
Mathis,Bobbie,66,157,1973-11-15
Horne,Dana,65,125,1963-07-04
Osborn,Von,63,117,1952-05-07
Hart,Sandy,63,144,2010-12-19
Campos,Anthony,63,132,1986-02-22
Gallegos,Roberta,67,158,2002-08-14
Romero,Joanne,68,153,1944-08-04
Sykes,Korey,68,144,1943-09-25
Britt,Sydney,62,132,1996-10-07
Rodgers,John,68,133,1977-01-06
Hull,Brendon,66,133,1951-03-01
Montgomery,Frederick,65,152,1988-09-24
Randolph,Jacquelyn,71,167,1942-08-04
Hewitt,Kerry,72,139,1979-09-26
Harrell,Walter,66,150,1985-07-31
Conway,Kennith,63,138,1980-03-19
Walter,Lidia,59,106,1961-10-06
Fry,Janette,71,137,1947-08-31
Newell,Dillon,68,137,1958-08-16
Heard,Jesse,71,138,1993-08-27
Gould,Ariel,68,164,1977-07-05
Rosario,Ella,65,144,2011-11-08
Waller,Enrique,58,114,1946-04-01
Barber,Eleanor,62,122,2004-03-16
Ayala,Reina,72,160,1971-05-28
Blackwell,Trudy,61,129,2000-04-11
Carr,Marta,61,127,1967-07-09
Lozano,Kristopher,68,159,1976-08-28
Watts,Gayle,72,160,2002-04-02
Parks,Terrence,59,127,1963-09-03
Bowers,Pierre,72,150,1952-09-23
Freeman,Hal,59,105,1953-10-29
Baker,Lawanda,65,122,1992-07-10
Cantrell,Johanna,64,129,2010-06-27
Oneal,Hobert,64,127,1984-07-02
Mccall,Rochelle,60,120,1982-05-09
Colon,Tammi,71,161,1953-08-16
Schmidt,Martina,65,134,1982-06-04
Moran,Carrol,63,142,2006-02-01
Massey,Leta,63,130,2005-03-31
Hardy,Jeanna,69,146,1993-09-19
Gray,Doreen,61,122,1963-07-22
David,Isreal,63,132,2002-03-20
Swanson,Emmitt,69,153,1944-04-21
Delacruz,Leticia,62,111,1946-11-13
Boone,Oralia,66,131,1940-01-04
Schultz,Mohamed,62,127,1992-03-10
Baxter,Sheldon,71,157,1991-06-22
Hess,Jamey,59,124,1987-04-16
Bowen,Elvia,66,120,2005-11-22
Fuentes,Letha,72,156,1981-08-27
Aguilar,Charlie,58,113,1940-09-15
Jacobson,Timothy,67,141,2013-10-20
Barlow,Caleb,68,160,1979-10-01
Mullins,Felton,61,107,2009-12-20
Rice,Len,59,118,2009-06-01
Cochran,Virgie,72,148,1978-07-08
Jackson,Woodrow,68,136,1992-12-18
Elmore,Virgina,65,139,2009-06-12
Winters,Hayden,58,106,1976-07-21
Velez,Deana,60,107,1966-10-31
Dodson,Drew,67,129,1991-05-07
Bowen,Darwin,68,167,1962-05-13
Rivers,Leila,69,151,1976-03-02
Ewing,Aldo,61,127,1959-06-23
Compton,Margarito,68,165,1974-10-15
Mack,Eunice,62,126,1999-06-26
Quinn,Delphine,72,172,1961-02-07
Gordon,Mona,58,109,1996-10-22
Ware,Yolanda,62,136,1981-04-09
Hutchinson,Daren,67,139,1941-11-05
Crum,Juliana,64,125,2011-04-04
Hughes,Renee,60,112,1973-07-17
Gonzales,Dane,72,148,1948-10-10
Gonzales,Sallie,59,103,1991-01-03
Graham,Dan,67,158,1994-03-13
Salinas,Shelley,61,132,1985-02-17
Mata,Bernardo,61,137,1973-03-20
Beard,Sue,62,111,1982-02-14
Guerrero,Chadwick,72,167,2007-06-30
Harrington,Kurt,62,114,2001-08-12
Smith,Deon,67,137,2003-08-07
Franco,Stan,64,147,1987-10-29
Butts,Robbie,59,109,1991-03-15
Kelley,Reuben,61,135,1990-02-23
Mayfield,Jamie,60,137,1941-08-26
Wolfe,Marquita,70,137,1958-07-12
Bruce,Trey,72,140,1957-04-08
Aguilar,Les,58,131,1957-07-31
Riley,Greg,67,140,1986-06-08
Ramsey,August,59,114,1958-12-20
Gentry,Shirley,62,123,1962-11-22
Davis,Michele,62,134,1947-02-11
Burke,Alvin,63,136,2002-03-28
Phelps,Justine,71,139,1980-03-30
Johnson,Catrina,65,150,1978-11-15
Page,Rosalind,68,158,1996-01-25
Whaley,Ezra,64,144,1979-09-26
Medina,Blanche,70,149,2002-12-13
Huffman,Janette,71,137,1951-11-16
Hooper,Ruthie,71,137,1999-11-20
Armstrong,Tina,71,141,1981-04-26
Novak,Brett,66,151,1958-03-18
Stevenson,Estelle,63,111,1963-08-10
Dougherty,Gaston,67,124,1989-03-22
Boyer,Raymon,70,167,1949-07-19
Akers,Eugenia,67,156,2011-06-17
Travis,Vivian,58,111,2007-11-30
Beck,Amelia,68,146,1978-06-03
Valentine,Lacy,65,152,1987-11-07
Yang,Jannie,63,111,1962-03-25
Galvan,Millie,65,128,1957-10-05
Conrad,Leanne,58,130,1984-05-24
Bunch,Wilburn,63,137,1945-08-13
Yarbrough,Madelyn,71,165,1961-04-02
Clements,Breanna,62,131,1971-09-15
Coffey,Lavern,65,153,1999-12-28
Blair,Laurel,63,144,1948-02-07
Newsome,Charlotte,63,132,1949-08-12
Joyner,Terence,70,150,1993-07-24
Kirkland,Frances,71,146,1960-03-11
Barnett,Ingrid,72,179,1974-10-10
Woods,Diane,60,131,1964-05-14
Crawford,Ines,60,111,1978-09-11
Childers,Conrad,62,140,2014-07-23
Byrd,Marina,70,136,1963-10-23
Conrad,Imelda,71,162,1962-12-12
Cooper,Geraldine,67,147,2014-04-09
Cooke,Chasity,70,149,1980-03-13
Walls,Danilo,60,130,1949-06-25
Stafford,Judi,60,126,1982-12-09
Stein,Jennifer,65,117,1995-06-26
Sandoval,Nigel,64,128,1960-11-09
Clements,Emma,61,115,1996-02-28
Simmons,Eldon,70,151,1979-09-18
Whitley,Gus,58,113,2008-12-06
Rosa,Benny,65,134,1945-03-01
Day,Victoria,62,125,1998-01-03
Spence,Errol,66,141,2005-02-14
Rubio,Doretha,66,127,1944-08-24
Winter,Rosalee,63,143,1987-05-17
Dodson,Rudolph,67,158,1974-03-17
Bullock,Gary,61,120,1977-01-28
Hopper,Felix,58,120,1959-12-14
Webster,Jasper,65,142,1973-06-08
Head,Fannie,72,165,1942-12-11
Walden,Reggie,69,130,1951-06-17
Field,Jacqueline,65,132,1979-08-04
Valentine,Taryn,60,113,2007-05-23
Woods,Ward,60,124,1955-03-13
Padilla,Bradford,69,157,1989-02-28
Phelps,Sheena,70,137,1947-12-23
Franks,Eloisa,65,149,1992-10-22
Collier,Tuan,62,111,1984-04-27
Franks,Shawn,68,137,2011-05-07
Herbert,Bobby,60,132,2002-08-31
Godfrey,Hosea,58,122,1973-05-17
Burks,Bertie,61,136,2000-10-16
Andrade,Pablo,72,177,1967-12-11
Stein,Cheryl,60,136,1994-06-27
Moyer,Lorena,66,144,1946-06-29
Bridges,Graham,68,164,1941-08-29
Gomez,Doretha,66,127,1942-05-16
Grace,Gerard,59,111,1947-01-31
Larson,Lorena,66,144,1966-05-11
Collins,Alonzo,59,125,1987-10-26
Perez,Bennie,67,131,1963-10-17
Franklin,Vito,66,133,2008-08-21
Hopper,Ellie,72,143,1992-12-08
Saunders,Maya,60,111,2001-04-16
Ayers,Susanna,67,123,1962-07-06
Mckay,Ellsworth,58,116,1973-03-11
Hooper,Adrian,62,121,2013-08-04
Chen,Mel,69,159,1994-07-27
Mullins,Loretta,59,105,1999-12-26
Crabtree,Cesar,65,121,1961-10-01
Beach,Jarod,63,121,1955-04-25
White,Herb,70,149,1977-09-05
Mccann,Garth,59,104,1945-11-29
Harper,Darius,70,169,2014-06-04
Burt,Josie,65,127,1991-02-27
Stanton,Billie,61,138,1991-02-03
Wang,Jacinto,71,160,1997-12-02
Wills,Robbin,64,139,1976-11-11
Poole,Erna,69,140,1989-12-07
Stewart,Craig,71,163,1941-05-01
Carver,Marcy,70,148,1992-10-17
Stanton,Gabriela,62,143,2006-06-16
Carlson,Merrill,60,123,1953-06-25
Phillips,Jacques,71,173,1999-11-20
Hilton,Andreas,71,153,1999-05-01
Robles,Noble,70,161,1961-06-14
Lawrence,Cherie,60,120,1955-03-08
Stein,Randal,62,123,2008-06-09
Whitney,Rickie,69,150,2012-09-06
Mora,John,61,117,1972-07-05
Thompson,Santiago,58,117,1987-05-22
Adams,Moses,59,118,1980-06-17
Huffman,Tiffany,58,111,1970-01-31
Hinton,Mary,59,130,1998-01-31
Heard,Ella,65,144,1964-10-17
Sweet,Gus,58,113,1992-05-05
Best,Milton,71,173,2003-06-17
Booker,Eve,70,139,1961-03-05
Vazquez,Kristie,69,159,1953-08-16
Morin,Carole,58,124,1956-09-14
Slaughter,Elmo,60,109,1944-04-24
Ruiz,Anton,68,131,1970-04-12
Rutherford,Albert,59,116,1997-09-01
English,Domenic,58,121,1957-04-22
Santiago,Verda,62,126,2001-07-28
Acosta,Rena,60,128,2010-05-21
Maynard,Paulette,66,145,1947-06-11
Valdez,Kenya,58,110,1958-02-18
Trevino,Hollis,58,124,1971-12-24
Crum,Kristopher,68,159,1974-10-21
Johnston,Glenna,65,140,1995-06-27
Alston,Aldo,61,127,1953-05-20
Byers,Germaine,62,126,1962-07-01
Gorman,Lane,68,142,2007-12-14
Russell,Lorri,58,111,1948-11-11
Cunningham,Deandre,58,102,1948-09-29
Mcguire,Von,63,117,1982-01-15
Finch,Morton,64,123,1981-11-04
Mclaughlin,Waldo,69,154,1971-10-20
Moser,Gaylord,58,116,1997-05-18
Butts,Shelby,60,105,1992-08-24
Shafer,Anna,58,118,1949-03-28
Henderson,Phyllis,64,114,1995-09-12
Wynn,Gwendolyn,65,144,1984-08-06
Hebert,Wesley,69,159,2004-07-22
Washington,Tyler,58,112,1983-07-29
Small,Angela,59,119,1985-07-18
Felix,Gerry,62,131,1943-11-15
Hernandez,Josie,65,127,2006-07-06
Tyson,Lucille,69,149,1962-10-03
Moss,Delma,58,109,1976-06-07
Knapp,Cristina,69,168,1985-11-17
Bunch,Etta,70,166,1998-08-06
Solis,Gregorio,62,136,2004-10-13
Braun,Loren,61,121,1964-03-28
Hall,Aurora,71,164,1978-12-28
Pryor,Korey,68,144,2004-02-15
Ochoa,Christopher,67,126,1980-09-28
Atkins,Whitney,67,138,1990-08-25
Bowen,Delma,58,109,1945-10-28
Perry,Fernando,67,128,1985-03-08
Mahoney,Earlene,61,132,2012-07-21
Pagan,Sam,58,113,2013-10-10
Velasquez,Alphonse,66,123,2003-06-25
Connor,Pattie,66,152,1979-02-18
Houston,Lora,63,142,1966-05-07
Roberson,Alexandra,62,138,2004-11-20
Mcfarland,Chi,71,143,1942-08-19
English,Tori,60,128,1975-11-27
Wright,Wayne,64,115,1962-09-07
Hodge,Terri,60,119,2012-11-04
Griffin,Adalberto,68,129,1983-01-21
Rivera,Lillian,67,163,1964-05-24
Herring,Franklyn,69,145,1963-02-16
Leblanc,Alexis,65,135,2009-01-24
Archer,Liliana,64,148,2011-03-03
Clarke,Noble,70,161,2011-02-23
Ponce,Cory,66,136,1969-10-31
Hendrix,Rene,70,156,1992-08-05
Hutchinson,Danielle,65,143,2001-11-25
Warren,Joaquin,63,128,2001-01-05
Newton,Vilma,59,107,2005-11-02
Copeland,Elise,69,164,1974-11-05
Ayala,Rhea,68,161,1969-02-03
Tatum,Annabelle,64,133,1997-11-23
Womack,Angel,64,146,1976-04-17
Anderson,Kerry,66,149,1999-04-28
Anthony,Warren,72,147,1995-08-06
Norris,Jenna,61,109,2013-01-08
Powers,Noreen,59,110,1977-01-15
Reyna,Eddie,61,126,1988-02-17
Oliver,Eddie,59,119,1955-08-29
Velazquez,Beatriz,67,131,1960-08-27
Forrest,Jamel,68,136,1972-03-29
Gray,Maryann,69,157,1942-04-19
Haley,Delbert,65,141,1942-07-20
Valencia,Charmaine,65,122,1960-10-21
Dickerson,Rene,70,156,1999-02-26
Mccarty,Millie,65,128,2007-10-17
Frazier,Joanne,68,153,1974-02-20
Leon,Bert,72,154,1972-10-07
Hartley,Edith,72,142,2004-07-05
Mack,Jefferson,68,162,1968-11-20
Mahoney,Emilie,67,151,1968-02-24
Dunn,Nelly,68,166,1974-06-11
Todd,Alyson,60,133,2001-07-15
Nguyen,Athena,61,134,1992-12-31
Vincent,Ahmed,63,115,1960-10-30
Boyle,Latanya,63,121,2001-04-27
Pagan,Rodrick,61,125,1955-06-12
Norton,Roy,58,128,2009-10-05
Chapman,Linwood,72,164,1953-12-14
Stinson,Chloe,61,131,1985-06-24
Magee,Therese,63,124,2000-06-21
Ball,Robbie,59,118,1986-09-14
Mercado,Royce,71,158,1972-02-07
Combs,Noelle,68,141,1962-03-26
Bolton,Tisha,71,145,1979-11-28
Mobley,Merrill,60,123,1996-05-16
Beasley,Milo,58,121,1991-10-04
Bowen,Don,60,109,1970-04-16
Thomas,Carmine,63,115,1942-04-26
Welch,Berta,70,161,2005-07-21
Daugherty,Marion,71,167,1960-10-28
Cannon,Lela,60,119,1980-10-22
Welsh,Zack,62,141,2007-05-04
Watkins,Sophie,61,117,1995-04-06
Anthony,Sandra,69,144,1977-09-21
Guerra,Sasha,65,126,2014-10-18
Maxwell,Wes,68,156,1983-07-10
Simms,Rosalinda,68,148,2006-04-17
Vang,Guillermo,68,150,1966-06-06
Sinclair,Daren,67,139,1997-07-27
Cervantes,Jerrell,71,163,1998-06-15
Nichols,Suzette,67,139,2006-05-18
Whaley,Marisela,60,113,1969-02-13
Donovan,Tony,59,104,1957-04-20
Graves,Arnoldo,64,149,1943-02-17
Mayo,Ismael,69,154,1977-01-12
Blackwell,Al,67,138,1993-07-16
Rankin,Sadie,61,111,1986-06-04
Bennett,Rebekah,69,168,1946-03-26
Roberson,Elia,60,121,1988-03-24
Hinton,Mitchel,65,133,1979-01-09
Mata,Nina,68,155,1987-10-02
Shea,Donovan,65,146,1963-04-20
Caldwell,Faye,65,155,2008-05-21
Hester,Debbie,60,126,2000-09-05
Good,Devon,71,164,1994-08-01
Hooper,Destiny,64,147,1987-10-01
Huber,Ronnie,61,130,1995-06-13
Manley,Alvin,63,136,2003-07-12
Wood,Brandy,70,172,1983-11-23
Farmer,Lynn,64,129,1981-09-04
Sargent,Clair,67,149,1966-06-24
Duffy,Charity,63,142,1970-06-22
Franks,Jacquelyn,71,167,1946-09-15
Holloway,Bernadette,67,132,1946-05-22
Davenport,Dillon,68,137,1988-05-25
Gomez,Eldridge,58,119,1993-05-08
Avila,Jena,65,140,2014-06-14
Juarez,Kristy,71,141,1947-10-30
Irwin,Ruthie,71,137,1992-11-20
Barron,Jean,65,117,2012-12-21
Dominguez,Imogene,64,149,1947-05-09
Garner,Mavis,72,142,1946-01-04
Tate,Lora,63,142,1969-02-18
Stout,Irma,72,171,1978-04-23
Dickerson,Danette,66,155,1948-08-29
Whaley,Jonas,62,117,2014-09-04
Forbes,Tom,61,121,2003-06-03
Alford,Trent,71,149,1988-02-17
Fox,Catalina,58,110,2001-03-11
Cross,Rachael,68,160,1968-06-24
George,Cleo,67,160,1982-03-25
Rosado,Owen,58,123,1963-05-30
Dotson,Myra,64,118,1973-02-23
Hendrickson,Gayle,63,118,2013-11-25
Bell,Lessie,71,138,1979-04-17
Vasquez,Jorge,61,139,1990-06-26
Roach,Nathanial,65,127,1969-07-16
Medina,Sabrina,60,133,1956-09-27
Pace,Pete,61,139,1979-01-25
Hahn,Freddie,64,121,1973-09-01
Vega,Wally,67,133,1969-02-16
Coffman,Lane,68,142,1993-06-03
Coleman,Kerry,72,139,1965-07-04
Pratt,Ronald,68,134,1955-01-07
Mullen,Collin,65,126,1955-02-08
Andrade,Lindsey,71,139,1942-02-14
Mccabe,Margarito,68,165,1951-03-21
Brewer,Danna,63,140,2007-12-02
Heath,Pearl,70,173,1978-10-01
Tucker,Debora,72,153,2013-02-12
Curry,Myrna,69,134,1976-11-18
Donahue,Adrianne,71,161,1968-07-23
Kaufman,Jan,68,138,1983-07-20
Rivas,Thad,63,142,1977-10-26
Lehman,Jordan,64,124,1997-08-03
Schroeder,Elliot,63,112,2014-06-25
Branch,Clara,60,132,1949-05-27
Delaney,Yvonne,67,129,2000-07-31
Wiggins,Beryl,66,144,1955-05-06
Dominguez,Allyson,58,112,2013-04-23
Mcintosh,Alexandra,62,138,1965-10-14
Dennis,Abdul,69,146,2000-08-31
Blanton,Man,71,162,2001-10-25
Mcclure,Bertram,69,155,1950-07-11
Kim,Stanton,59,123,2011-01-15
Spears,Tyron,68,131,1940-08-14
Nielsen,Clare,62,120,2013-01-02
Brennan,Jamison,59,107,1984-04-11
Harding,Abe,63,111,1976-01-15
Bergeron,Peter,67,130,2013-12-08
Rose,Tessie,59,103,2014-01-24
Mendez,Anibal,59,116,1963-12-07
Cherry,Isabell,63,143,2002-08-21
Conley,Harriet,70,132,2005-02-13
Carroll,Leann,71,140,1954-03-20
Chandler,Trisha,64,135,1963-03-04
Sandoval,Alba,58,124,1996-05-17
Meyer,Mara,64,124,1959-09-29
Dale,Vickie,65,126,1947-06-10
Lee,Whitney,67,138,1954-10-30
Flowers,Rosetta,58,115,1991-03-01
Shepherd,Arthur,68,149,1959-12-21
Burt,Jeffrey,62,140,2004-02-14
Holland,Faith,70,136,1986-12-02
Reyna,Beau,68,154,1977-07-10
Hurley,Elijah,71,167,2000-11-03
Wong,Adrianne,71,161,1994-08-09
Black,Maurice,65,125,1964-04-08
Fields,Tamra,58,106,1980-03-25
Salazar,Marcella,66,130,2004-08-09
Calhoun,Earnestine,59,134,1972-08-06
Hamm,Cora,65,145,1962-07-31
Rosario,Kennith,63,138,1942-12-14
Schroeder,Otto,66,136,1966-03-24
Boone,Carmela,67,129,2009-09-26
Schwartz,Luann,58,112,1968-01-29
Ballard,Doreen,61,122,1973-06-17
Humphrey,Murray,59,107,1965-04-16
Nelson,Jules,65,122,1983-11-20
Knowles,Rashad,67,151,1953-04-20
French,Angela,59,119,1988-11-02
Riggs,Cruz,65,144,1940-07-10
Walker,Herb,70,149,1985-10-02
Boone,Rita,61,129,1943-02-27
Peters,Dona,70,161,1955-06-06
Johnson,Corina,60,136,2008-06-10
Ritter,Nicolas,61,122,1958-03-18
Mendez,Jodi,58,106,1946-03-06
Neely,Gregg,60,131,1991-11-11
Ramos,Ezra,64,144,1988-07-28
Hinton,Adolph,58,117,1951-08-11
Fox,Patsy,70,143,1948-12-10
Nguyen,Tanisha,72,154,1957-12-05
Britton,Ezequiel,72,150,1983-10-03
Hays,Mohamed,62,127,1996-10-05
Luna,Donnie,62,116,1976-03-11
Justice,Graham,68,164,1984-06-21
Blanton,Billie,61,138,1944-09-14
England,Reva,67,125,1968-02-08
Hicks,Adelaide,71,135,2014-11-23
Locke,Erwin,64,123,1972-01-24
Donovan,Alisa,66,146,1980-05-23
Stephenson,Katheryn,63,141,1977-03-30
Dotson,Joanne,68,153,1949-09-21
Shannon,Major,65,151,2001-01-24
Tillman,Miranda,72,165,1973-09-28
Slater,Rosemarie,63,127,1975-04-05
Prince,Migdalia,64,117,2010-02-23
Anderson,Leland,64,134,1989-10-16
Shafer,Janine,72,145,2002-02-15
Harvey,Maryellen,67,162,2002-12-16
Obrien,Dana,65,125,1992-02-07
Cunningham,Jefferson,68,162,1942-04-28
Contreras,Latoya,60,113,2006-06-22
Lucas,Dana,65,125,1960-03-30
Frazier,Debra,70,159,1981-06-09
Barron,Lavern,65,153,1959-10-18
Gonzalez,Britt,68,130,1952-05-22
David,Jennie,63,147,2013-03-03
Atkinson,Stanton,59,123,1964-01-13
Emery,Gale,71,169,1991-07-29
Benson,Sheldon,71,157,1961-03-11
Gilliam,Malik,62,108,1958-02-20
Cardenas,Luther,59,125,1968-01-20
Estrada,Riley,63,116,1979-08-28
Russell,Alene,59,114,1993-10-27
Denton,Mack,62,121,2013-11-11
Russo,Kraig,61,136,2006-01-27
Lawrence,Lula,72,143,1979-05-04
Barry,Sang,70,144,2000-10-13
Rowland,Eugenia,67,156,1964-05-27
Kaufman,Danny,61,118,1951-12-27
Patterson,Lara,69,162,1957-04-21
Sharp,Kathrine,62,130,1957-04-18
Bauer,Corina,60,136,1954-02-09
Duran,Rachel,63,139,1967-10-08
Delgado,Felipe,60,127,1952-02-05
Mora,Nina,68,155,1957-02-26
Vang,Alba,58,124,1966-08-27
Lutz,Jeremy,60,133,1987-12-22
Moss,Phil,66,144,1988-05-28
Peterson,Madge,69,170,2012-11-18
Garza,Adan,69,146,1952-06-07
Carrillo,Martin,64,137,1958-02-20
Branch,Theodore,63,146,1979-06-09
Calderon,Tiffani,70,141,1964-12-06
Blankenship,Maurice,65,125,1978-07-17
Schmidt,Latrice,65,149,1943-01-29
Sloan,Elma,69,162,1955-01-31
Long,Thomas,64,117,1972-02-11
Cruz,Keneth,71,147,1945-12-12
Smart,Polly,68,157,2001-10-14
Burgess,Rosemary,69,149,1940-01-30
Robles,Bennie,59,124,1985-07-09
Smith,Dale,69,143,1961-07-05
Anthony,Sondra,67,127,1979-03-07
Sykes,Lucile,63,132,1977-11-12
Vaughn,Kieth,62,131,1983-06-29
Tatum,Buster,68,155,2010-11-09
Shafer,Millie,65,128,2014-04-12
Melendez,Gladys,67,134,1945-01-22
Matthews,Weldon,62,135,1968-09-26
Newton,Joanna,66,130,1957-06-15
Hutchins,Kareem,58,104,1982-07-17
Flynn,Hilary,64,148,1995-06-19
Marquez,Jeannette,65,148,1971-03-14
Cortez,Marcos,69,132,2011-06-18
Kramer,Reynaldo,67,153,2014-12-01
Bush,Antone,71,153,2002-06-21
Hurst,Kathie,59,112,2006-09-18
Ruiz,Marcel,67,145,1963-12-03
Jensen,Shauna,58,106,2001-06-14
Dye,Elisabeth,61,110,1996-09-13
Welsh,Heidi,61,112,1956-09-25
Cotton,Guillermina,68,136,1984-01-10
Bruce,Bennett,62,143,1959-07-13
Jarvis,Coleman,67,123,1978-10-05
Colon,Gino,70,166,1974-12-21
Branch,Anderson,69,164,1992-07-06
Cain,Dixie,64,117,1976-04-21
Rivers,Rocio,62,126,1969-07-26
Burt,Annetta,64,137,1985-04-06
Nielsen,Oswaldo,72,178,2010-12-22
Fischer,Thelma,60,121,1980-12-07
David,Leann,71,140,1995-02-08
Chapman,Petra,71,172,1971-10-01
Durham,Wilda,69,160,2009-09-01
Pena,Wilbur,64,118,1986-06-30
Blanchard,Virgilio,61,122,1963-08-02
Tyson,Mickey,58,120,1994-06-08
Odell,Jody,62,141,1997-07-05
Castaneda,Lettie,60,137,1971-05-11
Reese,Rachelle,63,147,1946-06-08
Yarbrough,Clayton,58,115,1940-09-01
Martin,Frieda,72,148,1971-12-26
Glass,Lesley,59,129,1995-09-07
Ryan,Todd,59,127,1943-07-26
Carney,Lyman,65,122,2006-12-25
Santos,Everette,68,137,1995-05-17
Holloway,Gaston,67,124,1959-10-08
Clements,Zackary,64,120,2011-11-29
Jamison,Dominique,67,162,2010-09-20
Leach,Nilda,66,141,1987-12-01
Gamble,Collin,65,126,1976-03-24
Navarro,Bart,69,148,1942-08-28
Allison,Shelia,71,137,1991-08-06
Martinez,Tommie,58,106,1998-07-26
Knowles,Rosemary,69,149,2000-06-18
Dalton,Cassandra,72,168,1944-05-21
Myers,Marcy,70,148,1984-04-05
Hays,Connie,72,170,2005-04-22
Galloway,Leslie,62,117,1947-12-09
Estes,Deangelo,58,115,1949-08-05
Minor,Pete,61,139,2002-03-22
Farris,Chad,63,126,1984-05-03
Branch,Kerry,72,139,1950-02-26
Prince,Randell,60,114,1970-03-15
Orozco,Deana,60,107,2002-06-10
Goins,Dean,71,145,1959-05-28
Rivera,Rosemarie,63,127,1996-07-06
Swanson,Sandi,58,103,1984-12-02
Boone,Hoyt,60,131,1968-09-07
Meyers,Angelita,69,167,2013-05-30
Edwards,Kathrine,62,130,1981-01-09
Lehman,Bobbie,64,143,1959-03-02
Steward,Tamera,62,137,1971-09-03
Meeks,Melvin,59,110,1992-04-28
Rutledge,Elvin,69,157,1943-10-20
Arrington,Rolland,67,163,1962-04-15
Newman,Brigitte,64,140,1991-04-03
Everett,Maude,64,151,1974-08-24
Patel,Daisy,72,138,1999-05-26
Slater,Lona,69,131,1977-02-16
Whitney,Deborah,62,117,1966-09-13
Lindsay,Clare,62,120,1990-06-15
Connor,Roderick,58,129,1964-04-22
Hodges,Aaron,69,130,1973-12-11
Wiley,Allene,59,123,1961-06-12
Maloney,Alvina,63,113,1946-08-17
Haynes,Lupe,58,113,1972-10-23
Dyer,Horace,60,134,1992-12-23
Mcmillan,Avery,66,157,1969-11-26
Brown,Reba,58,114,1948-02-02
Hunt,Stuart,65,151,1959-01-23
Pagan,Arron,65,137,1990-04-09
Harris,Ellen,63,143,1946-12-25
Hill,Garth,59,104,1979-12-11
Olsen,Lynwood,71,142,1963-09-23
Atkinson,Bobbie,66,157,2006-05-14
Harding,Derrick,64,145,1951-07-07
Edwards,Elizabeth,62,130,1963-11-20
Sears,Sherman,68,162,2012-10-25
Fisher,Kieth,62,131,2001-05-28
Mcginnis,Carl,59,103,1960-04-04
Pearce,Doyle,59,114,1973-07-20
Lawrence,Damian,65,139,1943-03-08
Dudley,Pete,61,139,1996-05-14
Gamble,Jimmie,66,120,1993-02-19
Hodge,Thomas,64,117,1979-09-20
Valdez,Martin,64,137,1982-09-20
Scott,Jodi,58,106,1964-04-01
Hawkins,Armando,59,104,1977-09-10
Workman,Frances,72,159,1983-10-01
Gallagher,Abraham,67,138,2000-02-17
Gallagher,Irving,58,129,1944-06-16
Petersen,June,70,138,2000-10-29
Molina,Jacinto,71,160,2002-07-25
Whaley,Noble,70,161,1953-07-26
Hopper,Earlene,61,132,1971-08-26
Hamilton,Merry,65,131,1993-07-21
Davidson,Guillermo,68,150,1990-10-04
Morales,Hollis,58,124,1941-09-19
Gibson,Pattie,66,152,1950-02-28
Kane,Jimmie,66,120,1980-11-05
Herbert,Ronda,66,139,1971-11-21
Anderson,Theodora,63,129,1980-04-11
Melton,Luis,59,117,1979-04-04
Bean,Monte,69,137,2012-11-28
Ochoa,Maya,60,111,1952-09-15
Lewis,Jodie,69,132,1942-04-08
Kane,Angel,62,119,1944-12-11
Merritt,Maricela,59,126,1958-04-01
Wilkerson,Emilio,70,164,2004-01-29
Griffith,Francis,72,155,1981-05-29
Childers,Hazel,61,133,2013-08-14
Mccullough,Amy,71,139,1958-03-23
Hodges,Freddie,64,121,1993-09-12
Anthony,Carole,58,124,1980-12-01
Collier,Rosetta,58,115,1978-11-05
Nguyen,Nina,68,155,1941-10-23
Mann,Chang,58,131,1944-05-28
Leach,Napoleon,66,123,2001-10-16
Rivas,Kirk,61,138,1983-11-14
Romero,Hipolito,61,108,1986-10-13
Velasquez,Lana,70,150,1992-08-24
Mendez,Cheri,70,140,1986-10-07
Cannon,Clifton,69,155,1940-02-15
Todd,Burl,63,118,2012-05-17
Lester,Ted,58,113,1989-04-07
Estrada,Nikki,71,174,1967-09-25
Flores,Yong,69,169,2013-10-15
Decker,Alyce,59,119,1999-01-28
Perry,Korey,68,144,1954-06-15
Denton,Herman,68,136,1984-08-16
Rios,Lakesha,60,108,1973-01-16
Aguirre,Buford,69,167,1949-10-23
Bingham,Lily,64,120,1960-12-27
Eaton,Weldon,62,135,2003-02-18
English,Amber,71,161,1971-07-20
Moreno,James,69,145,1980-10-28
Ramsey,Quincy,61,140,1960-04-18
Bailey,Sonny,70,153,1944-10-05
Faulkner,Lionel,64,142,1947-07-04
Norton,Ashley,65,145,1995-08-16
Ross,Celia,61,120,1943-03-29
Mcmahon,Sung,61,110,1992-01-06
Sinclair,Mary,59,130,2008-11-22
Sears,Alfredo,58,119,2001-03-01
Cramer,Myrtle,64,122,1965-01-08
Mccann,Tracy,69,140,1998-07-31
Vance,Michale,69,143,1979-02-18
Hendrickson,Dirk,65,119,1985-03-12
Vazquez,Colette,59,124,1960-06-12
Dotson,Antoine,58,102,1997-11-12
Goins,Andrea,60,116,2013-10-14
Newton,Ronald,68,134,1982-12-20
Vaughan,Vivian,58,111,1971-01-28
Schultz,Rashad,67,151,1943-01-18
Cervantes,Cliff,62,143,2000-12-27
Long,Rose,67,132,2006-01-28
Vincent,Kurtis,70,138,2012-04-08
Samuels,Arline,66,141,2010-07-28
Ivey,Sheryl,62,114,2007-05-23
Gentry,Jordan,64,124,1998-11-15
Rogers,Joel,62,143,2001-06-15
Boucher,Heath,64,114,1949-03-18
Gibson,Lori,68,131,2012-05-10
Crabtree,Olivia,71,151,1974-06-09
Cramer,Elba,62,119,1974-01-09
Frank,Raquel,71,162,2012-11-30
Goodwin,Edythe,72,162,1990-06-21
Pierson,Stacey,63,138,2006-10-30
Garrison,Gavin,67,126,1971-09-17
Delarosa,Hilda,64,119,1997-09-29
Noel,Jena,65,140,1959-08-06
Bailey,Caitlin,61,109,1940-02-29
Glass,Deangelo,58,115,1998-11-25
Kim,Kip,62,117,1959-07-24
Hardin,Cristina,69,168,1946-02-27
Acevedo,Greg,67,140,1969-06-02
Cooke,Elsa,67,162,2003-02-27
Herbert,Tanisha,72,154,2012-09-29
Leblanc,Billy,61,137,1987-08-26
Pollard,Kelly,60,130,1994-09-08
Yang,Dina,60,119,1997-11-24
Allison,Suzette,67,139,1968-11-06
Carroll,Clement,72,138,1990-05-28
Estes,Marvin,70,165,1959-05-27
Mcclure,Mathew,71,175,1972-06-13
Hopper,Devon,63,128,1949-12-17
Lynch,Jennifer,65,117,1989-06-17
Brewer,Gino,70,166,1970-03-28
Salinas,Terri,60,119,1969-08-07
Black,Blanca,71,167,1992-03-07
Diaz,Young,71,172,1975-10-07
Duran,Max,60,115,1941-03-30
Short,Aurelia,69,153,1989-09-22
Chaney,Candida,64,133,1968-02-28
Mcclure,Colette,59,124,2000-05-26
Johnson,Young,62,125,1976-02-07
Neely,Shad,59,122,1960-06-23
Fox,Mary,61,116,1952-09-09
Simmons,Shelby,67,156,1958-02-15
Solis,Marcelino,69,163,1970-06-05
Klein,Parker,61,113,1971-12-27
Horne,Deanna,61,137,2012-09-25
Jordan,Lakesha,60,108,1989-08-17
Glenn,Mike,62,112,1994-12-14
Odom,Jimmy,65,148,1952-04-04
Cunningham,Ruth,61,138,1980-10-16
Hansen,Iris,71,169,1957-02-21
Crawford,Allison,72,144,1987-10-02
Lane,Brandi,58,116,1974-03-30
Stark,Jade,68,157,1977-05-28
Stout,Anna,58,118,1947-04-24
Watkins,Booker,63,126,1984-11-09
Ingram,Brandie,63,142,1968-03-01
Delarosa,Jefferson,68,162,1983-08-16
Wilkins,Marie,61,116,1975-05-25
Zimmerman,Ian,64,114,2008-02-01
Cantrell,Lionel,64,142,1981-09-11
Best,Jeanie,71,176,1956-04-04
Cline,Leonard,71,142,1966-12-07
Wagner,Chelsea,59,131,1942-02-27
Battle,Brian,65,152,1992-04-15
Whitney,Pamala,62,114,2014-06-22
Wade,William,71,176,1984-02-02
Starr,Gary,61,120,2005-08-31
Mccoy,Curt,67,145,1944-10-02
Mata,Cleo,67,160,1945-07-05
Cruz,Dannie,67,139,1971-01-24
Faulkner,Ladonna,67,136,1954-06-18
Beard,Frederic,63,114,1945-08-20
Griggs,Jodie,69,132,1942-03-13
Webber,Athena,61,134,1991-07-27
Valencia,Ken,65,122,1976-09-20
Cortez,Joaquin,63,128,1944-11-09
Hayden,Carmel,67,136,1951-05-09
Landry,Osvaldo,60,136,1956-02-09
Dejesus,Jacquline,66,125,1991-04-30
Decker,Delphine,72,172,1994-01-11
Matthews,Nanette,69,168,1946-11-05
Duncan,Lorena,66,144,1979-12-03
Wise,Tony,59,104,1989-05-28
White,Wm,69,137,1991-04-14
Gregory,Demarcus,69,142,1979-07-23
Wilkerson,Ophelia,65,128,1959-09-19
Kimball,Chet,62,116,1974-05-29
Britt,Tracie,69,145,2006-09-25
Butts,Annette,63,144,1944-05-24
Elder,Jacqueline,65,132,1941-11-03
Steele,Hans,59,133,2007-03-21
Miller,Malcom,70,146,1991-01-17
Benson,Lou,61,125,1951-07-16
Bowen,Korey,68,144,2008-11-25
Hill,Samantha,72,149,1963-04-25
Young,Warner,59,113,1993-11-23
Burks,Gisela,59,107,2010-04-08
Stein,Tamika,70,164,1956-06-16
Ortiz,Jonathan,58,125,1993-06-21